Store ID,SKU ID,Date,Units Sold
T-1442,SKU-1001,2026-03-18,4
T-1442,SKU-1001,2026-03-19,4
T-1442,SKU-1001,2026-03-20,5
T-1442,SKU-1001,2026-03-21,8
T-1442,SKU-1001,2026-03-22,4
T-1442,SKU-1001,2026-03-23,2
T-1442,SKU-1001,2026-03-24,5
T-1442,SKU-1001,2026-03-25,5
T-1442,SKU-1001,2026-03-26,5
T-1442,SKU-1001,2026-03-27,6
T-1442,SKU-1001,2026-03-28,6
T-1442,SKU-1001,2026-03-29,6
T-1442,SKU-1001,2026-03-30,5
T-1442,SKU-1001,2026-03-31,5
T-1442,SKU-1001,2026-04-01,4
T-1442,SKU-1001,2026-04-02,5
T-1442,SKU-1001,2026-04-03,4
T-1442,SKU-1001,2026-04-04,6
T-1442,SKU-1001,2026-04-05,8
T-1442,SKU-1001,2026-04-06,5
T-1442,SKU-1001,2026-04-07,4
T-1442,SKU-1001,2026-04-08,4
T-1442,SKU-1001,2026-04-09,7
T-1442,SKU-1001,2026-04-10,9
T-1442,SKU-1001,2026-04-11,7
T-1442,SKU-1001,2026-04-12,7
T-1442,SKU-1001,2026-04-13,6
T-1442,SKU-1001,2026-04-14,6
T-1442,SKU-1001,2026-04-15,4
T-1442,SKU-1001,2026-04-16,4
T-1442,SKU-1001,2026-04-17,7
T-1442,SKU-1001,2026-04-18,6
T-1442,SKU-1001,2026-04-19,8
T-1442,SKU-1001,2026-04-20,5
T-1442,SKU-1001,2026-04-21,3
T-1442,SKU-1001,2026-04-22,5
T-1442,SKU-1001,2026-04-23,4
T-1442,SKU-1001,2026-04-24,5
T-1442,SKU-1001,2026-04-25,7
T-1442,SKU-1001,2026-04-26,7
T-1442,SKU-1001,2026-04-27,6
T-1442,SKU-1001,2026-04-28,5
T-1442,SKU-1001,2026-04-29,6
T-1442,SKU-1001,2026-04-30,7
T-1442,SKU-1001,2026-05-01,8
T-1442,SKU-1001,2026-05-02,10
T-1442,SKU-1001,2026-05-03,8
T-1442,SKU-1001,2026-05-04,7
T-1442,SKU-1001,2026-05-05,5
T-1442,SKU-1001,2026-05-06,7
T-1442,SKU-1001,2026-05-07,7
T-1442,SKU-1001,2026-05-08,9
T-1442,SKU-1001,2026-05-09,12
T-1442,SKU-1001,2026-05-10,8
T-1442,SKU-1001,2026-05-11,6
T-1442,SKU-1001,2026-05-12,5
T-1442,SKU-1001,2026-05-13,6
T-1442,SKU-1001,2026-05-14,6
T-1442,SKU-1001,2026-05-15,5
T-1442,SKU-1001,2026-05-16,14
T-1442,SKU-1001,2026-05-17,8
T-1442,SKU-1001,2026-05-18,5
T-1442,SKU-1001,2026-05-19,5
T-1442,SKU-1001,2026-05-20,5
T-1442,SKU-1001,2026-05-21,8
T-1442,SKU-1001,2026-05-22,8
T-1442,SKU-1001,2026-05-23,13
T-1442,SKU-1001,2026-05-24,10
T-1442,SKU-1001,2026-05-25,7
T-1442,SKU-1001,2026-05-26,7
T-1442,SKU-1001,2026-05-27,9
T-1442,SKU-1001,2026-05-28,7
T-1442,SKU-1001,2026-05-29,8
T-1442,SKU-1001,2026-05-30,14
T-1442,SKU-1001,2026-05-31,7
T-1442,SKU-1001,2026-06-01,9
T-1442,SKU-1001,2026-06-02,6
T-1442,SKU-1001,2026-06-03,8
T-1442,SKU-1001,2026-06-04,8
T-1442,SKU-1001,2026-06-05,12
T-1442,SKU-1001,2026-06-06,12
T-1442,SKU-1001,2026-06-07,13
T-1442,SKU-1001,2026-06-08,9
T-1442,SKU-1001,2026-06-09,6
T-1442,SKU-1001,2026-06-10,9
T-1442,SKU-1001,2026-06-11,14
T-1442,SKU-1001,2026-06-12,9
T-1442,SKU-1001,2026-06-13,12
T-1442,SKU-1001,2026-06-14,12
T-1442,SKU-1001,2026-06-15,8
T-2185,SKU-1001,2026-03-18,3
T-2185,SKU-1001,2026-03-19,2
T-2185,SKU-1001,2026-03-20,4
T-2185,SKU-1001,2026-03-21,5
T-2185,SKU-1001,2026-03-22,5
T-2185,SKU-1001,2026-03-23,3
T-2185,SKU-1001,2026-03-24,5
T-2185,SKU-1001,2026-03-25,3
T-2185,SKU-1001,2026-03-26,5
T-2185,SKU-1001,2026-03-27,4
T-2185,SKU-1001,2026-03-28,4
T-2185,SKU-1001,2026-03-29,3
T-2185,SKU-1001,2026-03-30,3
T-2185,SKU-1001,2026-03-31,4
T-2185,SKU-1001,2026-04-01,4
T-2185,SKU-1001,2026-04-02,4
T-2185,SKU-1001,2026-04-03,2
T-2185,SKU-1001,2026-04-04,6
T-2185,SKU-1001,2026-04-05,5
T-2185,SKU-1001,2026-04-06,3
T-2185,SKU-1001,2026-04-07,2
T-2185,SKU-1001,2026-04-08,3
T-2185,SKU-1001,2026-04-09,5
T-2185,SKU-1001,2026-04-10,3
T-2185,SKU-1001,2026-04-11,5
T-2185,SKU-1001,2026-04-12,6
T-2185,SKU-1001,2026-04-13,3
T-2185,SKU-1001,2026-04-14,3
T-2185,SKU-1001,2026-04-15,4
T-2185,SKU-1001,2026-04-16,3
T-2185,SKU-1001,2026-04-17,5
T-2185,SKU-1001,2026-04-18,5
T-2185,SKU-1001,2026-04-19,6
T-2185,SKU-1001,2026-04-20,4
T-2185,SKU-1001,2026-04-21,6
T-2185,SKU-1001,2026-04-22,4
T-2185,SKU-1001,2026-04-23,6
T-2185,SKU-1001,2026-04-24,4
T-2185,SKU-1001,2026-04-25,6
T-2185,SKU-1001,2026-04-26,6
T-2185,SKU-1001,2026-04-27,6
T-2185,SKU-1001,2026-04-28,2
T-2185,SKU-1001,2026-04-29,5
T-2185,SKU-1001,2026-04-30,5
T-2185,SKU-1001,2026-05-01,7
T-2185,SKU-1001,2026-05-02,8
T-2185,SKU-1001,2026-05-03,6
T-2185,SKU-1001,2026-05-04,4
T-2185,SKU-1001,2026-05-05,3
T-2185,SKU-1001,2026-05-06,4
T-2185,SKU-1001,2026-05-07,5
T-2185,SKU-1001,2026-05-08,8
T-2185,SKU-1001,2026-05-09,6
T-2185,SKU-1001,2026-05-10,7
T-2185,SKU-1001,2026-05-11,3
T-2185,SKU-1001,2026-05-12,4
T-2185,SKU-1001,2026-05-13,5
T-2185,SKU-1001,2026-05-14,6
T-2185,SKU-1001,2026-05-15,8
T-2185,SKU-1001,2026-05-16,7
T-2185,SKU-1001,2026-05-17,5
T-2185,SKU-1001,2026-05-18,5
T-2185,SKU-1001,2026-05-19,5
T-2185,SKU-1001,2026-05-20,5
T-2185,SKU-1001,2026-05-21,5
T-2185,SKU-1001,2026-05-22,8
T-2185,SKU-1001,2026-05-23,8
T-2185,SKU-1001,2026-05-24,8
T-2185,SKU-1001,2026-05-25,6
T-2185,SKU-1001,2026-05-26,5
T-2185,SKU-1001,2026-05-27,5
T-2185,SKU-1001,2026-05-28,8
T-2185,SKU-1001,2026-05-29,7
T-2185,SKU-1001,2026-05-30,8
T-2185,SKU-1001,2026-05-31,7
T-2185,SKU-1001,2026-06-01,7
T-2185,SKU-1001,2026-06-02,5
T-2185,SKU-1001,2026-06-03,6
T-2185,SKU-1001,2026-06-04,7
T-2185,SKU-1001,2026-06-05,6
T-2185,SKU-1001,2026-06-06,6
T-2185,SKU-1001,2026-06-07,8
T-2185,SKU-1001,2026-06-08,6
T-2185,SKU-1001,2026-06-09,5
T-2185,SKU-1001,2026-06-10,6
T-2185,SKU-1001,2026-06-11,7
T-2185,SKU-1001,2026-06-12,6
T-2185,SKU-1001,2026-06-13,10
T-2185,SKU-1001,2026-06-14,8
T-2185,SKU-1001,2026-06-15,4
T-3320,SKU-1001,2026-03-18,6
T-3320,SKU-1001,2026-03-19,7
T-3320,SKU-1001,2026-03-20,6
T-3320,SKU-1001,2026-03-21,12
T-3320,SKU-1001,2026-03-22,8
T-3320,SKU-1001,2026-03-23,6
T-3320,SKU-1001,2026-03-24,4
T-3320,SKU-1001,2026-03-25,6
T-3320,SKU-1001,2026-03-26,6
T-3320,SKU-1001,2026-03-27,9
T-3320,SKU-1001,2026-03-28,11
T-3320,SKU-1001,2026-03-29,8
T-3320,SKU-1001,2026-03-30,7
T-3320,SKU-1001,2026-03-31,5
T-3320,SKU-1001,2026-04-01,10
T-3320,SKU-1001,2026-04-02,9
T-3320,SKU-1001,2026-04-03,11
T-3320,SKU-1001,2026-04-04,6
T-3320,SKU-1001,2026-04-05,12
T-3320,SKU-1001,2026-04-06,6
T-3320,SKU-1001,2026-04-07,7
T-3320,SKU-1001,2026-04-08,8
T-3320,SKU-1001,2026-04-09,8
T-3320,SKU-1001,2026-04-10,11
T-3320,SKU-1001,2026-04-11,13
T-3320,SKU-1001,2026-04-12,10
T-3320,SKU-1001,2026-04-13,8
T-3320,SKU-1001,2026-04-14,7
T-3320,SKU-1001,2026-04-15,8
T-3320,SKU-1001,2026-04-16,7
T-3320,SKU-1001,2026-04-17,6
T-3320,SKU-1001,2026-04-18,14
T-3320,SKU-1001,2026-04-19,13
T-3320,SKU-1001,2026-04-20,8
T-3320,SKU-1001,2026-04-21,7
T-3320,SKU-1001,2026-04-22,7
T-3320,SKU-1001,2026-04-23,7
T-3320,SKU-1001,2026-04-24,15
T-3320,SKU-1001,2026-04-25,10
T-3320,SKU-1001,2026-04-26,10
T-3320,SKU-1001,2026-04-27,8
T-3320,SKU-1001,2026-04-28,7
T-3320,SKU-1001,2026-04-29,7
T-3320,SKU-1001,2026-04-30,8
T-3320,SKU-1001,2026-05-01,12
T-3320,SKU-1001,2026-05-02,12
T-3320,SKU-1001,2026-05-03,13
T-3320,SKU-1001,2026-05-04,8
T-3320,SKU-1001,2026-05-05,9
T-3320,SKU-1001,2026-05-06,11
T-3320,SKU-1001,2026-05-07,9
T-3320,SKU-1001,2026-05-08,10
T-3320,SKU-1001,2026-05-09,18
T-3320,SKU-1001,2026-05-10,16
T-3320,SKU-1001,2026-05-11,9
T-3320,SKU-1001,2026-05-12,11
T-3320,SKU-1001,2026-05-13,8
T-3320,SKU-1001,2026-05-14,9
T-3320,SKU-1001,2026-05-15,10
T-3320,SKU-1001,2026-05-16,13
T-3320,SKU-1001,2026-05-17,15
T-3320,SKU-1001,2026-05-18,9
T-3320,SKU-1001,2026-05-19,9
T-3320,SKU-1001,2026-05-20,8
T-3320,SKU-1001,2026-05-21,8
T-3320,SKU-1001,2026-05-22,15
T-3320,SKU-1001,2026-05-23,15
T-3320,SKU-1001,2026-05-24,16
T-3320,SKU-1001,2026-05-25,10
T-3320,SKU-1001,2026-05-26,9
T-3320,SKU-1001,2026-05-27,4
T-3320,SKU-1001,2026-05-28,13
T-3320,SKU-1001,2026-05-29,15
T-3320,SKU-1001,2026-05-30,17
T-3320,SKU-1001,2026-05-31,15
T-3320,SKU-1001,2026-06-01,12
T-3320,SKU-1001,2026-06-02,13
T-3320,SKU-1001,2026-06-03,9
T-3320,SKU-1001,2026-06-04,13
T-3320,SKU-1001,2026-06-05,13
T-3320,SKU-1001,2026-06-06,21
T-3320,SKU-1001,2026-06-07,19
T-3320,SKU-1001,2026-06-08,10
T-3320,SKU-1001,2026-06-09,8
T-3320,SKU-1001,2026-06-10,14
T-3320,SKU-1001,2026-06-11,12
T-3320,SKU-1001,2026-06-12,20
T-3320,SKU-1001,2026-06-13,18
T-3320,SKU-1001,2026-06-14,14
T-3320,SKU-1001,2026-06-15,14
T-1442,SKU-1002,2026-03-18,4
T-1442,SKU-1002,2026-03-19,5
T-1442,SKU-1002,2026-03-20,6
T-1442,SKU-1002,2026-03-21,7
T-1442,SKU-1002,2026-03-22,5
T-1442,SKU-1002,2026-03-23,5
T-1442,SKU-1002,2026-03-24,4
T-1442,SKU-1002,2026-03-25,3
T-1442,SKU-1002,2026-03-26,4
T-1442,SKU-1002,2026-03-27,4
T-1442,SKU-1002,2026-03-28,4
T-1442,SKU-1002,2026-03-29,5
T-1442,SKU-1002,2026-03-30,4
T-1442,SKU-1002,2026-03-31,3
T-1442,SKU-1002,2026-04-01,3
T-1442,SKU-1002,2026-04-02,4
T-1442,SKU-1002,2026-04-03,7
T-1442,SKU-1002,2026-04-04,6
T-1442,SKU-1002,2026-04-05,4
T-1442,SKU-1002,2026-04-06,3
T-1442,SKU-1002,2026-04-07,3
T-1442,SKU-1002,2026-04-08,2
T-1442,SKU-1002,2026-04-09,4
T-1442,SKU-1002,2026-04-10,5
T-1442,SKU-1002,2026-04-11,7
T-1442,SKU-1002,2026-04-12,6
T-1442,SKU-1002,2026-04-13,4
T-1442,SKU-1002,2026-04-14,2
T-1442,SKU-1002,2026-04-15,4
T-1442,SKU-1002,2026-04-16,3
T-1442,SKU-1002,2026-04-17,5
T-1442,SKU-1002,2026-04-18,6
T-1442,SKU-1002,2026-04-19,4
T-1442,SKU-1002,2026-04-20,5
T-1442,SKU-1002,2026-04-21,4
T-1442,SKU-1002,2026-04-22,1
T-1442,SKU-1002,2026-04-23,4
T-1442,SKU-1002,2026-04-24,4
T-1442,SKU-1002,2026-04-25,5
T-1442,SKU-1002,2026-04-26,5
T-1442,SKU-1002,2026-04-27,3
T-1442,SKU-1002,2026-04-28,1
T-1442,SKU-1002,2026-04-29,2
T-1442,SKU-1002,2026-04-30,4
T-1442,SKU-1002,2026-05-01,5
T-1442,SKU-1002,2026-05-02,7
T-1442,SKU-1002,2026-05-03,6
T-1442,SKU-1002,2026-05-04,1
T-1442,SKU-1002,2026-05-05,3
T-1442,SKU-1002,2026-05-06,1
T-1442,SKU-1002,2026-05-07,5
T-1442,SKU-1002,2026-05-08,4
T-1442,SKU-1002,2026-05-09,3
T-1442,SKU-1002,2026-05-10,6
T-1442,SKU-1002,2026-05-11,3
T-1442,SKU-1002,2026-05-12,1
T-1442,SKU-1002,2026-05-13,3
T-1442,SKU-1002,2026-05-14,2
T-1442,SKU-1002,2026-05-15,4
T-1442,SKU-1002,2026-05-16,4
T-1442,SKU-1002,2026-05-17,5
T-1442,SKU-1002,2026-05-18,1
T-1442,SKU-1002,2026-05-19,3
T-1442,SKU-1002,2026-05-20,4
T-1442,SKU-1002,2026-05-21,2
T-1442,SKU-1002,2026-05-22,3
T-1442,SKU-1002,2026-05-23,4
T-1442,SKU-1002,2026-05-24,3
T-1442,SKU-1002,2026-05-25,3
T-1442,SKU-1002,2026-05-26,2
T-1442,SKU-1002,2026-05-27,1
T-1442,SKU-1002,2026-05-28,4
T-1442,SKU-1002,2026-05-29,4
T-1442,SKU-1002,2026-05-30,3
T-1442,SKU-1002,2026-05-31,2
T-1442,SKU-1002,2026-06-01,1
T-1442,SKU-1002,2026-06-02,3
T-1442,SKU-1002,2026-06-03,2
T-1442,SKU-1002,2026-06-04,3
T-1442,SKU-1002,2026-06-05,3
T-1442,SKU-1002,2026-06-06,4
T-1442,SKU-1002,2026-06-07,3
T-1442,SKU-1002,2026-06-08,3
T-1442,SKU-1002,2026-06-09,2
T-1442,SKU-1002,2026-06-10,3
T-1442,SKU-1002,2026-06-11,3
T-1442,SKU-1002,2026-06-12,2
T-1442,SKU-1002,2026-06-13,2
T-1442,SKU-1002,2026-06-14,2
T-1442,SKU-1002,2026-06-15,1
T-2185,SKU-1002,2026-03-18,2
T-2185,SKU-1002,2026-03-19,2
T-2185,SKU-1002,2026-03-20,3
T-2185,SKU-1002,2026-03-21,4
T-2185,SKU-1002,2026-03-22,5
T-2185,SKU-1002,2026-03-23,2
T-2185,SKU-1002,2026-03-24,2
T-2185,SKU-1002,2026-03-25,1
T-2185,SKU-1002,2026-03-26,2
T-2185,SKU-1002,2026-03-27,2
T-2185,SKU-1002,2026-03-28,5
T-2185,SKU-1002,2026-03-29,4
T-2185,SKU-1002,2026-03-30,2
T-2185,SKU-1002,2026-03-31,3
T-2185,SKU-1002,2026-04-01,3
T-2185,SKU-1002,2026-04-02,1
T-2185,SKU-1002,2026-04-03,3
T-2185,SKU-1002,2026-04-04,5
T-2185,SKU-1002,2026-04-05,2
T-2185,SKU-1002,2026-04-06,3
T-2185,SKU-1002,2026-04-07,2
T-2185,SKU-1002,2026-04-08,3
T-2185,SKU-1002,2026-04-09,0
T-2185,SKU-1002,2026-04-10,4
T-2185,SKU-1002,2026-04-11,3
T-2185,SKU-1002,2026-04-12,1
T-2185,SKU-1002,2026-04-13,2
T-2185,SKU-1002,2026-04-14,1
T-2185,SKU-1002,2026-04-15,2
T-2185,SKU-1002,2026-04-16,2
T-2185,SKU-1002,2026-04-17,3
T-2185,SKU-1002,2026-04-18,4
T-2185,SKU-1002,2026-04-19,2
T-2185,SKU-1002,2026-04-20,1
T-2185,SKU-1002,2026-04-21,1
T-2185,SKU-1002,2026-04-22,2
T-2185,SKU-1002,2026-04-23,2
T-2185,SKU-1002,2026-04-24,4
T-2185,SKU-1002,2026-04-25,5
T-2185,SKU-1002,2026-04-26,2
T-2185,SKU-1002,2026-04-27,2
T-2185,SKU-1002,2026-04-28,2
T-2185,SKU-1002,2026-04-29,0
T-2185,SKU-1002,2026-04-30,2
T-2185,SKU-1002,2026-05-01,2
T-2185,SKU-1002,2026-05-02,5
T-2185,SKU-1002,2026-05-03,3
T-2185,SKU-1002,2026-05-04,0
T-2185,SKU-1002,2026-05-05,2
T-2185,SKU-1002,2026-05-06,2
T-2185,SKU-1002,2026-05-07,3
T-2185,SKU-1002,2026-05-08,2
T-2185,SKU-1002,2026-05-09,1
T-2185,SKU-1002,2026-05-10,3
T-2185,SKU-1002,2026-05-11,3
T-2185,SKU-1002,2026-05-12,2
T-2185,SKU-1002,2026-05-13,1
T-2185,SKU-1002,2026-05-14,1
T-2185,SKU-1002,2026-05-15,2
T-2185,SKU-1002,2026-05-16,2
T-2185,SKU-1002,2026-05-17,2
T-2185,SKU-1002,2026-05-18,3
T-2185,SKU-1002,2026-05-19,3
T-2185,SKU-1002,2026-05-20,2
T-2185,SKU-1002,2026-05-21,2
T-2185,SKU-1002,2026-05-22,2
T-2185,SKU-1002,2026-05-23,2
T-2185,SKU-1002,2026-05-24,2
T-2185,SKU-1002,2026-05-25,3
T-2185,SKU-1002,2026-05-26,1
T-2185,SKU-1002,2026-05-27,2
T-2185,SKU-1002,2026-05-28,2
T-2185,SKU-1002,2026-05-29,3
T-2185,SKU-1002,2026-05-30,1
T-2185,SKU-1002,2026-05-31,2
T-2185,SKU-1002,2026-06-01,0
T-2185,SKU-1002,2026-06-02,3
T-2185,SKU-1002,2026-06-03,1
T-2185,SKU-1002,2026-06-04,3
T-2185,SKU-1002,2026-06-05,1
T-2185,SKU-1002,2026-06-06,1
T-2185,SKU-1002,2026-06-07,1
T-2185,SKU-1002,2026-06-08,0
T-2185,SKU-1002,2026-06-09,1
T-2185,SKU-1002,2026-06-10,0
T-2185,SKU-1002,2026-06-11,1
T-2185,SKU-1002,2026-06-12,2
T-2185,SKU-1002,2026-06-13,1
T-2185,SKU-1002,2026-06-14,2
T-2185,SKU-1002,2026-06-15,2
T-3320,SKU-1002,2026-03-18,5
T-3320,SKU-1002,2026-03-19,4
T-3320,SKU-1002,2026-03-20,6
T-3320,SKU-1002,2026-03-21,7
T-3320,SKU-1002,2026-03-22,8
T-3320,SKU-1002,2026-03-23,5
T-3320,SKU-1002,2026-03-24,5
T-3320,SKU-1002,2026-03-25,6
T-3320,SKU-1002,2026-03-26,5
T-3320,SKU-1002,2026-03-27,6
T-3320,SKU-1002,2026-03-28,8
T-3320,SKU-1002,2026-03-29,8
T-3320,SKU-1002,2026-03-30,5
T-3320,SKU-1002,2026-03-31,4
T-3320,SKU-1002,2026-04-01,4
T-3320,SKU-1002,2026-04-02,6
T-3320,SKU-1002,2026-04-03,5
T-3320,SKU-1002,2026-04-04,8
T-3320,SKU-1002,2026-04-05,4
T-3320,SKU-1002,2026-04-06,6
T-3320,SKU-1002,2026-04-07,3
T-3320,SKU-1002,2026-04-08,4
T-3320,SKU-1002,2026-04-09,6
T-3320,SKU-1002,2026-04-10,4
T-3320,SKU-1002,2026-04-11,7
T-3320,SKU-1002,2026-04-12,6
T-3320,SKU-1002,2026-04-13,3
T-3320,SKU-1002,2026-04-14,5
T-3320,SKU-1002,2026-04-15,6
T-3320,SKU-1002,2026-04-16,3
T-3320,SKU-1002,2026-04-17,4
T-3320,SKU-1002,2026-04-18,8
T-3320,SKU-1002,2026-04-19,4
T-3320,SKU-1002,2026-04-20,4
T-3320,SKU-1002,2026-04-21,4
T-3320,SKU-1002,2026-04-22,5
T-3320,SKU-1002,2026-04-23,4
T-3320,SKU-1002,2026-04-24,5
T-3320,SKU-1002,2026-04-25,5
T-3320,SKU-1002,2026-04-26,7
T-3320,SKU-1002,2026-04-27,3
T-3320,SKU-1002,2026-04-28,4
T-3320,SKU-1002,2026-04-29,3
T-3320,SKU-1002,2026-04-30,4
T-3320,SKU-1002,2026-05-01,5
T-3320,SKU-1002,2026-05-02,6
T-3320,SKU-1002,2026-05-03,4
T-3320,SKU-1002,2026-05-04,4
T-3320,SKU-1002,2026-05-05,5
T-3320,SKU-1002,2026-05-06,4
T-3320,SKU-1002,2026-05-07,5
T-3320,SKU-1002,2026-05-08,5
T-3320,SKU-1002,2026-05-09,7
T-3320,SKU-1002,2026-05-10,5
T-3320,SKU-1002,2026-05-11,4
T-3320,SKU-1002,2026-05-12,4
T-3320,SKU-1002,2026-05-13,3
T-3320,SKU-1002,2026-05-14,3
T-3320,SKU-1002,2026-05-15,4
T-3320,SKU-1002,2026-05-16,3
T-3320,SKU-1002,2026-05-17,4
T-3320,SKU-1002,2026-05-18,4
T-3320,SKU-1002,2026-05-19,4
T-3320,SKU-1002,2026-05-20,3
T-3320,SKU-1002,2026-05-21,4
T-3320,SKU-1002,2026-05-22,4
T-3320,SKU-1002,2026-05-23,4
T-3320,SKU-1002,2026-05-24,3
T-3320,SKU-1002,2026-05-25,2
T-3320,SKU-1002,2026-05-26,1
T-3320,SKU-1002,2026-05-27,4
T-3320,SKU-1002,2026-05-28,3
T-3320,SKU-1002,2026-05-29,4
T-3320,SKU-1002,2026-05-30,5
T-3320,SKU-1002,2026-05-31,5
T-3320,SKU-1002,2026-06-01,4
T-3320,SKU-1002,2026-06-02,2
T-3320,SKU-1002,2026-06-03,2
T-3320,SKU-1002,2026-06-04,2
T-3320,SKU-1002,2026-06-05,2
T-3320,SKU-1002,2026-06-06,5
T-3320,SKU-1002,2026-06-07,5
T-3320,SKU-1002,2026-06-08,2
T-3320,SKU-1002,2026-06-09,2
T-3320,SKU-1002,2026-06-10,4
T-3320,SKU-1002,2026-06-11,0
T-3320,SKU-1002,2026-06-12,3
T-3320,SKU-1002,2026-06-13,4
T-3320,SKU-1002,2026-06-14,3
T-3320,SKU-1002,2026-06-15,4
T-1442,SKU-1003,2026-03-18,15
T-1442,SKU-1003,2026-03-19,24
T-1442,SKU-1003,2026-03-20,31
T-1442,SKU-1003,2026-03-21,34
T-1442,SKU-1003,2026-03-22,24
T-1442,SKU-1003,2026-03-23,17
T-1442,SKU-1003,2026-03-24,18
T-1442,SKU-1003,2026-03-25,12
T-1442,SKU-1003,2026-03-26,18
T-1442,SKU-1003,2026-03-27,22
T-1442,SKU-1003,2026-03-28,37
T-1442,SKU-1003,2026-03-29,24
T-1442,SKU-1003,2026-03-30,16
T-1442,SKU-1003,2026-03-31,19
T-1442,SKU-1003,2026-04-01,15
T-1442,SKU-1003,2026-04-02,22
T-1442,SKU-1003,2026-04-03,18
T-1442,SKU-1003,2026-04-04,35
T-1442,SKU-1003,2026-04-05,24
T-1442,SKU-1003,2026-04-06,15
T-1442,SKU-1003,2026-04-07,19
T-1442,SKU-1003,2026-04-08,15
T-1442,SKU-1003,2026-04-09,21
T-1442,SKU-1003,2026-04-10,16
T-1442,SKU-1003,2026-04-11,19
T-1442,SKU-1003,2026-04-12,25
T-1442,SKU-1003,2026-04-13,18
T-1442,SKU-1003,2026-04-14,14
T-1442,SKU-1003,2026-04-15,17
T-1442,SKU-1003,2026-04-16,14
T-1442,SKU-1003,2026-04-17,17
T-1442,SKU-1003,2026-04-18,25
T-1442,SKU-1003,2026-04-19,21
T-1442,SKU-1003,2026-04-20,13
T-1442,SKU-1003,2026-04-21,17
T-1442,SKU-1003,2026-04-22,11
T-1442,SKU-1003,2026-04-23,21
T-1442,SKU-1003,2026-04-24,23
T-1442,SKU-1003,2026-04-25,23
T-1442,SKU-1003,2026-04-26,24
T-1442,SKU-1003,2026-04-27,12
T-1442,SKU-1003,2026-04-28,12
T-1442,SKU-1003,2026-04-29,19
T-1442,SKU-1003,2026-04-30,16
T-1442,SKU-1003,2026-05-01,19
T-1442,SKU-1003,2026-05-02,24
T-1442,SKU-1003,2026-05-03,20
T-1442,SKU-1003,2026-05-04,11
T-1442,SKU-1003,2026-05-05,15
T-1442,SKU-1003,2026-05-06,11
T-1442,SKU-1003,2026-05-07,14
T-1442,SKU-1003,2026-05-08,18
T-1442,SKU-1003,2026-05-09,22
T-1442,SKU-1003,2026-05-10,17
T-1442,SKU-1003,2026-05-11,12
T-1442,SKU-1003,2026-05-12,9
T-1442,SKU-1003,2026-05-13,12
T-1442,SKU-1003,2026-05-14,10
T-1442,SKU-1003,2026-05-15,14
T-1442,SKU-1003,2026-05-16,16
T-1442,SKU-1003,2026-05-17,17
T-1442,SKU-1003,2026-05-18,11
T-1442,SKU-1003,2026-05-19,11
T-1442,SKU-1003,2026-05-20,15
T-1442,SKU-1003,2026-06-08,8
T-1442,SKU-1003,2026-06-09,11
T-1442,SKU-1003,2026-06-10,7
T-1442,SKU-1003,2026-06-11,10
T-1442,SKU-1003,2026-06-12,9
T-1442,SKU-1003,2026-06-13,16
T-1442,SKU-1003,2026-06-14,10
T-1442,SKU-1003,2026-06-15,10
T-2185,SKU-1003,2026-03-18,12
T-2185,SKU-1003,2026-03-19,14
T-2185,SKU-1003,2026-03-20,16
T-2185,SKU-1003,2026-03-21,20
T-2185,SKU-1003,2026-03-22,11
T-2185,SKU-1003,2026-03-23,11
T-2185,SKU-1003,2026-03-24,11
T-2185,SKU-1003,2026-03-25,13
T-2185,SKU-1003,2026-03-26,9
T-2185,SKU-1003,2026-03-27,15
T-2185,SKU-1003,2026-03-28,22
T-2185,SKU-1003,2026-03-29,15
T-2185,SKU-1003,2026-03-30,11
T-2185,SKU-1003,2026-03-31,11
T-2185,SKU-1003,2026-04-01,11
T-2185,SKU-1003,2026-04-02,13
T-2185,SKU-1003,2026-04-03,14
T-2185,SKU-1003,2026-04-04,17
T-2185,SKU-1003,2026-04-05,12
T-2185,SKU-1003,2026-04-06,10
T-2185,SKU-1003,2026-04-07,12
T-2185,SKU-1003,2026-04-08,10
T-2185,SKU-1003,2026-04-09,11
T-2185,SKU-1003,2026-04-10,12
T-2185,SKU-1003,2026-04-11,18
T-2185,SKU-1003,2026-04-12,12
T-2185,SKU-1003,2026-04-13,11
T-2185,SKU-1003,2026-04-14,8
T-2185,SKU-1003,2026-04-15,8
T-2185,SKU-1003,2026-04-16,11
T-2185,SKU-1003,2026-04-17,13
T-2185,SKU-1003,2026-04-18,16
T-2185,SKU-1003,2026-04-19,16
T-2185,SKU-1003,2026-04-20,9
T-2185,SKU-1003,2026-04-21,9
T-2185,SKU-1003,2026-04-22,8
T-2185,SKU-1003,2026-04-23,12
T-2185,SKU-1003,2026-04-24,13
T-2185,SKU-1003,2026-04-25,16
T-2185,SKU-1003,2026-04-26,13
T-2185,SKU-1003,2026-04-27,8
T-2185,SKU-1003,2026-04-28,8
T-2185,SKU-1003,2026-04-29,9
T-2185,SKU-1003,2026-04-30,10
T-2185,SKU-1003,2026-05-01,12
T-2185,SKU-1003,2026-05-02,10
T-2185,SKU-1003,2026-05-03,12
T-2185,SKU-1003,2026-05-04,7
T-2185,SKU-1003,2026-05-05,6
T-2185,SKU-1003,2026-05-06,8
T-2185,SKU-1003,2026-05-07,6
T-2185,SKU-1003,2026-05-08,12
T-2185,SKU-1003,2026-05-09,15
T-2185,SKU-1003,2026-05-10,11
T-2185,SKU-1003,2026-05-11,6
T-2185,SKU-1003,2026-05-12,6
T-2185,SKU-1003,2026-05-13,7
T-2185,SKU-1003,2026-05-14,5
T-2185,SKU-1003,2026-05-15,10
T-2185,SKU-1003,2026-05-16,13
T-2185,SKU-1003,2026-05-17,10
T-2185,SKU-1003,2026-05-18,7
T-2185,SKU-1003,2026-05-19,7
T-2185,SKU-1003,2026-05-20,8
T-2185,SKU-1003,2026-06-08,7
T-2185,SKU-1003,2026-06-09,5
T-2185,SKU-1003,2026-06-10,5
T-2185,SKU-1003,2026-06-11,6
T-2185,SKU-1003,2026-06-12,7
T-2185,SKU-1003,2026-06-13,11
T-2185,SKU-1003,2026-06-14,7
T-2185,SKU-1003,2026-06-15,4
T-3320,SKU-1003,2026-03-18,31
T-3320,SKU-1003,2026-03-19,23
T-3320,SKU-1003,2026-03-20,26
T-3320,SKU-1003,2026-03-21,31
T-3320,SKU-1003,2026-03-22,38
T-3320,SKU-1003,2026-03-23,22
T-3320,SKU-1003,2026-03-24,16
T-3320,SKU-1003,2026-03-25,21
T-3320,SKU-1003,2026-03-26,33
T-3320,SKU-1003,2026-03-27,25
T-3320,SKU-1003,2026-03-28,40
T-3320,SKU-1003,2026-03-29,33
T-3320,SKU-1003,2026-03-30,20
T-3320,SKU-1003,2026-03-31,27
T-3320,SKU-1003,2026-04-01,19
T-3320,SKU-1003,2026-04-02,23
T-3320,SKU-1003,2026-04-03,35
T-3320,SKU-1003,2026-04-04,41
T-3320,SKU-1003,2026-04-05,26
T-3320,SKU-1003,2026-04-06,13
T-3320,SKU-1003,2026-04-07,16
T-3320,SKU-1003,2026-04-08,21
T-3320,SKU-1003,2026-04-09,24
T-3320,SKU-1003,2026-04-10,28
T-3320,SKU-1003,2026-04-11,28
T-3320,SKU-1003,2026-04-12,30
T-3320,SKU-1003,2026-04-13,20
T-3320,SKU-1003,2026-04-14,20
T-3320,SKU-1003,2026-04-15,27
T-3320,SKU-1003,2026-04-16,20
T-3320,SKU-1003,2026-04-17,16
T-3320,SKU-1003,2026-04-18,25
T-3320,SKU-1003,2026-04-19,34
T-3320,SKU-1003,2026-04-20,19
T-3320,SKU-1003,2026-04-21,18
T-3320,SKU-1003,2026-04-22,20
T-3320,SKU-1003,2026-04-23,21
T-3320,SKU-1003,2026-04-24,20
T-3320,SKU-1003,2026-04-25,23
T-3320,SKU-1003,2026-04-26,17
T-3320,SKU-1003,2026-04-27,20
T-3320,SKU-1003,2026-04-28,21
T-3320,SKU-1003,2026-04-29,15
T-3320,SKU-1003,2026-04-30,17
T-3320,SKU-1003,2026-05-01,27
T-3320,SKU-1003,2026-05-02,30
T-3320,SKU-1003,2026-05-03,21
T-3320,SKU-1003,2026-05-04,21
T-3320,SKU-1003,2026-05-05,18
T-3320,SKU-1003,2026-05-06,15
T-3320,SKU-1003,2026-05-07,18
T-3320,SKU-1003,2026-05-08,19
T-3320,SKU-1003,2026-05-09,34
T-3320,SKU-1003,2026-05-10,20
T-3320,SKU-1003,2026-05-11,13
T-3320,SKU-1003,2026-05-12,14
T-3320,SKU-1003,2026-05-13,15
T-3320,SKU-1003,2026-05-14,20
T-3320,SKU-1003,2026-05-15,24
T-3320,SKU-1003,2026-05-16,24
T-3320,SKU-1003,2026-05-17,10
T-3320,SKU-1003,2026-05-18,14
T-3320,SKU-1003,2026-05-19,12
T-3320,SKU-1003,2026-05-20,12
T-3320,SKU-1003,2026-06-08,11
T-3320,SKU-1003,2026-06-09,12
T-3320,SKU-1003,2026-06-10,9
T-3320,SKU-1003,2026-06-11,15
T-3320,SKU-1003,2026-06-12,12
T-3320,SKU-1003,2026-06-13,14
T-3320,SKU-1003,2026-06-14,16
T-3320,SKU-1003,2026-06-15,13
T-1442,SKU-1004,2026-03-18,7
T-1442,SKU-1004,2026-03-19,11
T-1442,SKU-1004,2026-03-20,15
T-1442,SKU-1004,2026-03-21,18
T-1442,SKU-1004,2026-03-22,11
T-1442,SKU-1004,2026-03-23,8
T-1442,SKU-1004,2026-03-24,9
T-1442,SKU-1004,2026-03-25,10
T-1442,SKU-1004,2026-03-26,9
T-1442,SKU-1004,2026-03-27,12
T-1442,SKU-1004,2026-03-28,19
T-1442,SKU-1004,2026-03-29,12
T-1442,SKU-1004,2026-03-30,8
T-1442,SKU-1004,2026-03-31,9
T-1442,SKU-1004,2026-04-01,10
T-1442,SKU-1004,2026-04-02,8
T-1442,SKU-1004,2026-04-03,11
T-1442,SKU-1004,2026-04-04,12
T-1442,SKU-1004,2026-04-05,12
T-1442,SKU-1004,2026-04-06,11
T-1442,SKU-1004,2026-04-07,9
T-1442,SKU-1004,2026-04-08,9
T-1442,SKU-1004,2026-04-09,9
T-1442,SKU-1004,2026-04-10,11
T-1442,SKU-1004,2026-04-11,17
T-1442,SKU-1004,2026-04-12,11
T-1442,SKU-1004,2026-04-13,11
T-1442,SKU-1004,2026-04-14,7
T-1442,SKU-1004,2026-04-15,9
T-1442,SKU-1004,2026-04-16,13
T-1442,SKU-1004,2026-04-17,8
T-1442,SKU-1004,2026-04-18,17
T-1442,SKU-1004,2026-04-19,9
T-1442,SKU-1004,2026-04-20,9
T-1442,SKU-1004,2026-04-21,8
T-1442,SKU-1004,2026-04-22,10
T-1442,SKU-1004,2026-04-23,5
T-1442,SKU-1004,2026-04-24,8
T-1442,SKU-1004,2026-04-25,13
T-1442,SKU-1004,2026-04-26,12
T-1442,SKU-1004,2026-04-27,8
T-1442,SKU-1004,2026-04-28,8
T-1442,SKU-1004,2026-04-29,7
T-1442,SKU-1004,2026-04-30,9
T-1442,SKU-1004,2026-05-01,10
T-1442,SKU-1004,2026-05-02,15
T-1442,SKU-1004,2026-05-03,14
T-1442,SKU-1004,2026-05-04,11
T-1442,SKU-1004,2026-05-05,8
T-1442,SKU-1004,2026-05-06,9
T-1442,SKU-1004,2026-05-07,10
T-1442,SKU-1004,2026-05-08,11
T-1442,SKU-1004,2026-05-09,14
T-1442,SKU-1004,2026-05-10,10
T-1442,SKU-1004,2026-05-11,9
T-1442,SKU-1004,2026-05-12,7
T-1442,SKU-1004,2026-05-13,8
T-1442,SKU-1004,2026-05-14,8
T-1442,SKU-1004,2026-05-15,14
T-1442,SKU-1004,2026-05-16,14
T-1442,SKU-1004,2026-05-17,15
T-1442,SKU-1004,2026-05-18,9
T-1442,SKU-1004,2026-05-19,6
T-1442,SKU-1004,2026-05-20,7
T-1442,SKU-1004,2026-05-21,11
T-1442,SKU-1004,2026-05-22,11
T-1442,SKU-1004,2026-05-23,12
T-1442,SKU-1004,2026-05-24,12
T-1442,SKU-1004,2026-05-25,9
T-1442,SKU-1004,2026-05-26,7
T-1442,SKU-1004,2026-05-27,9
T-1442,SKU-1004,2026-05-28,9
T-1442,SKU-1004,2026-05-29,7
T-1442,SKU-1004,2026-05-30,15
T-1442,SKU-1004,2026-05-31,11
T-1442,SKU-1004,2026-06-01,11
T-1442,SKU-1004,2026-06-02,7
T-1442,SKU-1004,2026-06-03,7
T-1442,SKU-1004,2026-06-04,12
T-1442,SKU-1004,2026-06-05,9
T-1442,SKU-1004,2026-06-06,13
T-1442,SKU-1004,2026-06-07,14
T-1442,SKU-1004,2026-06-08,9
T-1442,SKU-1004,2026-06-09,6
T-1442,SKU-1004,2026-06-10,9
T-1442,SKU-1004,2026-06-11,10
T-1442,SKU-1004,2026-06-12,14
T-1442,SKU-1004,2026-06-13,16
T-1442,SKU-1004,2026-06-14,18
T-1442,SKU-1004,2026-06-15,7
T-2185,SKU-1004,2026-03-18,4
T-2185,SKU-1004,2026-03-19,4
T-2185,SKU-1004,2026-03-20,6
T-2185,SKU-1004,2026-03-21,9
T-2185,SKU-1004,2026-03-22,8
T-2185,SKU-1004,2026-03-23,5
T-2185,SKU-1004,2026-03-24,5
T-2185,SKU-1004,2026-03-25,5
T-2185,SKU-1004,2026-03-26,6
T-2185,SKU-1004,2026-03-27,8
T-2185,SKU-1004,2026-03-28,7
T-2185,SKU-1004,2026-03-29,7
T-2185,SKU-1004,2026-03-30,6
T-2185,SKU-1004,2026-03-31,4
T-2185,SKU-1004,2026-04-01,7
T-2185,SKU-1004,2026-04-02,7
T-2185,SKU-1004,2026-04-03,7
T-2185,SKU-1004,2026-04-04,8
T-2185,SKU-1004,2026-04-05,8
T-2185,SKU-1004,2026-04-06,5
T-2185,SKU-1004,2026-04-07,4
T-2185,SKU-1004,2026-04-08,6
T-2185,SKU-1004,2026-04-09,6
T-2185,SKU-1004,2026-04-10,7
T-2185,SKU-1004,2026-04-11,10
T-2185,SKU-1004,2026-04-12,5
T-2185,SKU-1004,2026-04-13,5
T-2185,SKU-1004,2026-04-14,5
T-2185,SKU-1004,2026-04-15,5
T-2185,SKU-1004,2026-04-16,6
T-2185,SKU-1004,2026-04-17,6
T-2185,SKU-1004,2026-04-18,8
T-2185,SKU-1004,2026-04-19,7
T-2185,SKU-1004,2026-04-20,6
T-2185,SKU-1004,2026-04-21,5
T-2185,SKU-1004,2026-04-22,5
T-2185,SKU-1004,2026-04-23,5
T-2185,SKU-1004,2026-04-24,8
T-2185,SKU-1004,2026-04-25,9
T-2185,SKU-1004,2026-04-26,9
T-2185,SKU-1004,2026-04-27,3
T-2185,SKU-1004,2026-04-28,4
T-2185,SKU-1004,2026-04-29,5
T-2185,SKU-1004,2026-04-30,9
T-2185,SKU-1004,2026-05-01,7
T-2185,SKU-1004,2026-05-02,8
T-2185,SKU-1004,2026-05-03,6
T-2185,SKU-1004,2026-05-04,5
T-2185,SKU-1004,2026-05-05,5
T-2185,SKU-1004,2026-05-06,5
T-2185,SKU-1004,2026-05-07,5
T-2185,SKU-1004,2026-05-08,6
T-2185,SKU-1004,2026-05-09,10
T-2185,SKU-1004,2026-05-10,7
T-2185,SKU-1004,2026-05-11,6
T-2185,SKU-1004,2026-05-12,4
T-2185,SKU-1004,2026-05-13,5
T-2185,SKU-1004,2026-05-14,7
T-2185,SKU-1004,2026-05-15,6
T-2185,SKU-1004,2026-05-16,7
T-2185,SKU-1004,2026-05-17,7
T-2185,SKU-1004,2026-05-18,4
T-2185,SKU-1004,2026-05-19,6
T-2185,SKU-1004,2026-05-20,4
T-2185,SKU-1004,2026-05-21,7
T-2185,SKU-1004,2026-05-22,6
T-2185,SKU-1004,2026-05-23,8
T-2185,SKU-1004,2026-05-24,9
T-2185,SKU-1004,2026-05-25,4
T-2185,SKU-1004,2026-05-26,4
T-2185,SKU-1004,2026-05-27,6
T-2185,SKU-1004,2026-05-28,6
T-2185,SKU-1004,2026-05-29,7
T-2185,SKU-1004,2026-05-30,8
T-2185,SKU-1004,2026-05-31,8
T-2185,SKU-1004,2026-06-01,6
T-2185,SKU-1004,2026-06-02,6
T-2185,SKU-1004,2026-06-03,5
T-2185,SKU-1004,2026-06-04,8
T-2185,SKU-1004,2026-06-05,6
T-2185,SKU-1004,2026-06-06,9
T-2185,SKU-1004,2026-06-07,10
T-2185,SKU-1004,2026-06-08,4
T-2185,SKU-1004,2026-06-09,5
T-2185,SKU-1004,2026-06-10,5
T-2185,SKU-1004,2026-06-11,5
T-2185,SKU-1004,2026-06-12,9
T-2185,SKU-1004,2026-06-13,11
T-2185,SKU-1004,2026-06-14,9
T-2185,SKU-1004,2026-06-15,7
T-3320,SKU-1004,2026-03-18,15
T-3320,SKU-1004,2026-03-19,13
T-3320,SKU-1004,2026-03-20,13
T-3320,SKU-1004,2026-03-21,24
T-3320,SKU-1004,2026-03-22,20
T-3320,SKU-1004,2026-03-23,12
T-3320,SKU-1004,2026-03-24,9
T-3320,SKU-1004,2026-03-25,13
T-3320,SKU-1004,2026-03-26,12
T-3320,SKU-1004,2026-03-27,13
T-3320,SKU-1004,2026-03-28,23
T-3320,SKU-1004,2026-03-29,12
T-3320,SKU-1004,2026-03-30,13
T-3320,SKU-1004,2026-03-31,12
T-3320,SKU-1004,2026-04-01,16
T-3320,SKU-1004,2026-04-02,14
T-3320,SKU-1004,2026-04-03,11
T-3320,SKU-1004,2026-04-04,17
T-3320,SKU-1004,2026-04-05,17
T-3320,SKU-1004,2026-04-06,13
T-3320,SKU-1004,2026-04-07,13
T-3320,SKU-1004,2026-04-08,9
T-3320,SKU-1004,2026-04-09,13
T-3320,SKU-1004,2026-04-10,19
T-3320,SKU-1004,2026-04-11,24
T-3320,SKU-1004,2026-04-12,22
T-3320,SKU-1004,2026-04-13,11
T-3320,SKU-1004,2026-04-14,13
T-3320,SKU-1004,2026-04-15,15
T-3320,SKU-1004,2026-04-16,16
T-3320,SKU-1004,2026-04-17,18
T-3320,SKU-1004,2026-04-18,22
T-3320,SKU-1004,2026-04-19,15
T-3320,SKU-1004,2026-04-20,10
T-3320,SKU-1004,2026-04-21,13
T-3320,SKU-1004,2026-04-22,12
T-3320,SKU-1004,2026-04-23,13
T-3320,SKU-1004,2026-04-24,15
T-3320,SKU-1004,2026-04-25,18
T-3320,SKU-1004,2026-04-26,18
T-3320,SKU-1004,2026-04-27,10
T-3320,SKU-1004,2026-04-28,12
T-3320,SKU-1004,2026-04-29,13
T-3320,SKU-1004,2026-04-30,13
T-3320,SKU-1004,2026-05-01,14
T-3320,SKU-1004,2026-05-02,22
T-3320,SKU-1004,2026-05-03,22
T-3320,SKU-1004,2026-05-04,11
T-3320,SKU-1004,2026-05-05,14
T-3320,SKU-1004,2026-05-06,14
T-3320,SKU-1004,2026-05-07,8
T-3320,SKU-1004,2026-05-08,14
T-3320,SKU-1004,2026-05-09,18
T-3320,SKU-1004,2026-05-10,19
T-3320,SKU-1004,2026-05-11,13
T-3320,SKU-1004,2026-05-12,12
T-3320,SKU-1004,2026-05-13,13
T-3320,SKU-1004,2026-05-14,12
T-3320,SKU-1004,2026-05-15,14
T-3320,SKU-1004,2026-05-16,16
T-3320,SKU-1004,2026-05-17,17
T-3320,SKU-1004,2026-05-18,12
T-3320,SKU-1004,2026-05-19,12
T-3320,SKU-1004,2026-05-20,11
T-3320,SKU-1004,2026-05-21,15
T-3320,SKU-1004,2026-05-22,19
T-3320,SKU-1004,2026-05-23,24
T-3320,SKU-1004,2026-05-24,19
T-3320,SKU-1004,2026-05-25,13
T-3320,SKU-1004,2026-05-26,13
T-3320,SKU-1004,2026-05-27,13
T-3320,SKU-1004,2026-05-28,12
T-3320,SKU-1004,2026-05-29,19
T-3320,SKU-1004,2026-05-30,25
T-3320,SKU-1004,2026-05-31,22
T-3320,SKU-1004,2026-06-01,12
T-3320,SKU-1004,2026-06-02,12
T-3320,SKU-1004,2026-06-03,13
T-3320,SKU-1004,2026-06-04,14
T-3320,SKU-1004,2026-06-05,18
T-3320,SKU-1004,2026-06-06,19
T-3320,SKU-1004,2026-06-07,16
T-3320,SKU-1004,2026-06-08,15
T-3320,SKU-1004,2026-06-09,12
T-3320,SKU-1004,2026-06-10,12
T-3320,SKU-1004,2026-06-11,15
T-3320,SKU-1004,2026-06-12,17
T-3320,SKU-1004,2026-06-13,21
T-3320,SKU-1004,2026-06-14,17
T-3320,SKU-1004,2026-06-15,10
T-1442,SKU-1005,2026-03-18,4
T-1442,SKU-1005,2026-03-19,6
T-1442,SKU-1005,2026-03-20,4
T-1442,SKU-1005,2026-03-21,9
T-1442,SKU-1005,2026-03-22,11
T-1442,SKU-1005,2026-03-23,7
T-1442,SKU-1005,2026-03-24,7
T-1442,SKU-1005,2026-03-25,5
T-1442,SKU-1005,2026-03-26,3
T-1442,SKU-1005,2026-03-27,9
T-1442,SKU-1005,2026-03-28,12
T-1442,SKU-1005,2026-03-29,9
T-1442,SKU-1005,2026-03-30,4
T-1442,SKU-1005,2026-03-31,6
T-1442,SKU-1005,2026-04-01,3
T-1442,SKU-1005,2026-04-02,5
T-1442,SKU-1005,2026-04-03,6
T-1442,SKU-1005,2026-04-04,7
T-1442,SKU-1005,2026-04-05,5
T-1442,SKU-1005,2026-04-06,4
T-1442,SKU-1005,2026-04-07,3
T-1442,SKU-1005,2026-04-08,5
T-1442,SKU-1005,2026-04-09,3
T-1442,SKU-1005,2026-04-10,4
T-1442,SKU-1005,2026-04-11,7
T-1442,SKU-1005,2026-04-12,5
T-1442,SKU-1005,2026-04-13,3
T-1442,SKU-1005,2026-04-14,4
T-1442,SKU-1005,2026-04-15,6
T-1442,SKU-1005,2026-04-16,6
T-1442,SKU-1005,2026-04-17,8
T-1442,SKU-1005,2026-04-18,6
T-1442,SKU-1005,2026-04-19,8
T-1442,SKU-1005,2026-04-20,4
T-1442,SKU-1005,2026-04-21,6
T-1442,SKU-1005,2026-04-22,7
T-1442,SKU-1005,2026-04-23,7
T-1442,SKU-1005,2026-04-24,10
T-1442,SKU-1005,2026-04-25,8
T-1442,SKU-1005,2026-04-26,9
T-1442,SKU-1005,2026-04-27,7
T-1442,SKU-1005,2026-04-28,6
T-1442,SKU-1005,2026-04-29,5
T-1442,SKU-1005,2026-04-30,5
T-1442,SKU-1005,2026-05-01,9
T-1442,SKU-1005,2026-05-02,11
T-1442,SKU-1005,2026-05-03,8
T-1442,SKU-1005,2026-05-04,5
T-1442,SKU-1005,2026-05-05,4
T-1442,SKU-1005,2026-05-06,4
T-1442,SKU-1005,2026-05-07,4
T-1442,SKU-1005,2026-05-08,3
T-1442,SKU-1005,2026-05-09,4
T-1442,SKU-1005,2026-05-10,4
T-1442,SKU-1005,2026-05-11,3
T-1442,SKU-1005,2026-05-12,3
T-1442,SKU-1005,2026-05-13,4
T-1442,SKU-1005,2026-05-14,5
T-1442,SKU-1005,2026-05-15,5
T-1442,SKU-1005,2026-05-16,5
T-1442,SKU-1005,2026-05-17,8
T-1442,SKU-1005,2026-05-18,4
T-1442,SKU-1005,2026-05-19,6
T-1442,SKU-1005,2026-05-20,5
T-1442,SKU-1005,2026-05-21,5
T-1442,SKU-1005,2026-05-22,10
T-1442,SKU-1005,2026-05-23,11
T-1442,SKU-1005,2026-05-24,11
T-1442,SKU-1005,2026-05-25,6
T-1442,SKU-1005,2026-05-26,6
T-1442,SKU-1005,2026-05-27,7
T-1442,SKU-1005,2026-05-28,5
T-1442,SKU-1005,2026-05-29,8
T-1442,SKU-1005,2026-05-30,6
T-1442,SKU-1005,2026-05-31,8
T-1442,SKU-1005,2026-06-01,3
T-1442,SKU-1005,2026-06-02,6
T-1442,SKU-1005,2026-06-03,4
T-1442,SKU-1005,2026-06-04,3
T-1442,SKU-1005,2026-06-05,4
T-1442,SKU-1005,2026-06-06,9
T-1442,SKU-1005,2026-06-07,5
T-1442,SKU-1005,2026-06-08,4
T-1442,SKU-1005,2026-06-09,3
T-1442,SKU-1005,2026-06-10,4
T-1442,SKU-1005,2026-06-11,5
T-1442,SKU-1005,2026-06-12,5
T-1442,SKU-1005,2026-06-13,8
T-1442,SKU-1005,2026-06-14,8
T-1442,SKU-1005,2026-06-15,5
T-2185,SKU-1005,2026-03-18,3
T-2185,SKU-1005,2026-03-19,3
T-2185,SKU-1005,2026-03-20,4
T-2185,SKU-1005,2026-03-21,5
T-2185,SKU-1005,2026-03-22,4
T-2185,SKU-1005,2026-03-23,4
T-2185,SKU-1005,2026-03-24,3
T-2185,SKU-1005,2026-03-25,5
T-2185,SKU-1005,2026-03-26,5
T-2185,SKU-1005,2026-03-27,4
T-2185,SKU-1005,2026-03-28,6
T-2185,SKU-1005,2026-03-29,5
T-2185,SKU-1005,2026-03-30,4
T-2185,SKU-1005,2026-03-31,4
T-2185,SKU-1005,2026-04-01,3
T-2185,SKU-1005,2026-04-02,3
T-2185,SKU-1005,2026-04-03,3
T-2185,SKU-1005,2026-04-04,3
T-2185,SKU-1005,2026-04-05,3
T-2185,SKU-1005,2026-04-06,3
T-2185,SKU-1005,2026-04-07,2
T-2185,SKU-1005,2026-04-08,2
T-2185,SKU-1005,2026-04-09,2
T-2185,SKU-1005,2026-04-10,3
T-2185,SKU-1005,2026-04-11,3
T-2185,SKU-1005,2026-04-12,2
T-2185,SKU-1005,2026-04-13,2
T-2185,SKU-1005,2026-04-14,2
T-2185,SKU-1005,2026-04-15,2
T-2185,SKU-1005,2026-04-16,4
T-2185,SKU-1005,2026-04-17,5
T-2185,SKU-1005,2026-04-18,5
T-2185,SKU-1005,2026-04-19,5
T-2185,SKU-1005,2026-04-20,4
T-2185,SKU-1005,2026-04-21,3
T-2185,SKU-1005,2026-04-22,5
T-2185,SKU-1005,2026-04-23,6
T-2185,SKU-1005,2026-04-24,5
T-2185,SKU-1005,2026-04-25,7
T-2185,SKU-1005,2026-04-26,6
T-2185,SKU-1005,2026-04-27,3
T-2185,SKU-1005,2026-04-28,2
T-2185,SKU-1005,2026-04-29,4
T-2185,SKU-1005,2026-04-30,2
T-2185,SKU-1005,2026-05-01,6
T-2185,SKU-1005,2026-05-02,6
T-2185,SKU-1005,2026-05-03,4
T-2185,SKU-1005,2026-05-04,3
T-2185,SKU-1005,2026-05-05,4
T-2185,SKU-1005,2026-05-06,1
T-2185,SKU-1005,2026-05-07,1
T-2185,SKU-1005,2026-05-08,2
T-2185,SKU-1005,2026-05-09,3
T-2185,SKU-1005,2026-05-10,2
T-2185,SKU-1005,2026-05-11,2
T-2185,SKU-1005,2026-05-12,2
T-2185,SKU-1005,2026-05-13,2
T-2185,SKU-1005,2026-05-14,4
T-2185,SKU-1005,2026-05-15,2
T-2185,SKU-1005,2026-05-16,3
T-2185,SKU-1005,2026-05-17,5
T-2185,SKU-1005,2026-05-18,3
T-2185,SKU-1005,2026-05-19,4
T-2185,SKU-1005,2026-05-20,3
T-2185,SKU-1005,2026-05-21,3
T-2185,SKU-1005,2026-05-22,4
T-2185,SKU-1005,2026-05-23,5
T-2185,SKU-1005,2026-05-24,6
T-2185,SKU-1005,2026-05-25,3
T-2185,SKU-1005,2026-05-26,4
T-2185,SKU-1005,2026-05-27,4
T-2185,SKU-1005,2026-05-28,5
T-2185,SKU-1005,2026-05-29,6
T-2185,SKU-1005,2026-05-30,6
T-2185,SKU-1005,2026-05-31,5
T-2185,SKU-1005,2026-06-01,3
T-2185,SKU-1005,2026-06-02,2
T-2185,SKU-1005,2026-06-03,1
T-2185,SKU-1005,2026-06-04,3
T-2185,SKU-1005,2026-06-05,3
T-2185,SKU-1005,2026-06-06,4
T-2185,SKU-1005,2026-06-07,4
T-2185,SKU-1005,2026-06-08,1
T-2185,SKU-1005,2026-06-09,1
T-2185,SKU-1005,2026-06-10,2
T-2185,SKU-1005,2026-06-11,2
T-2185,SKU-1005,2026-06-12,3
T-2185,SKU-1005,2026-06-13,3
T-2185,SKU-1005,2026-06-14,4
T-2185,SKU-1005,2026-06-15,1
T-3320,SKU-1005,2026-03-18,5
T-3320,SKU-1005,2026-03-19,6
T-3320,SKU-1005,2026-03-20,11
T-3320,SKU-1005,2026-03-21,9
T-3320,SKU-1005,2026-03-22,11
T-3320,SKU-1005,2026-03-23,8
T-3320,SKU-1005,2026-03-24,6
T-3320,SKU-1005,2026-03-25,8
T-3320,SKU-1005,2026-03-26,9
T-3320,SKU-1005,2026-03-27,11
T-3320,SKU-1005,2026-03-28,10
T-3320,SKU-1005,2026-03-29,10
T-3320,SKU-1005,2026-03-30,7
T-3320,SKU-1005,2026-03-31,7
T-3320,SKU-1005,2026-04-01,7
T-3320,SKU-1005,2026-04-02,6
T-3320,SKU-1005,2026-04-03,10
T-3320,SKU-1005,2026-04-04,6
T-3320,SKU-1005,2026-04-05,6
T-3320,SKU-1005,2026-04-06,4
T-3320,SKU-1005,2026-04-07,3
T-3320,SKU-1005,2026-04-08,5
T-3320,SKU-1005,2026-04-09,6
T-3320,SKU-1005,2026-04-10,4
T-3320,SKU-1005,2026-04-11,5
T-3320,SKU-1005,2026-04-12,7
T-3320,SKU-1005,2026-04-13,4
T-3320,SKU-1005,2026-04-14,4
T-3320,SKU-1005,2026-04-15,5
T-3320,SKU-1005,2026-04-16,7
T-3320,SKU-1005,2026-04-17,9
T-3320,SKU-1005,2026-04-18,11
T-3320,SKU-1005,2026-04-19,11
T-3320,SKU-1005,2026-04-20,6
T-3320,SKU-1005,2026-04-21,7
T-3320,SKU-1005,2026-04-22,6
T-3320,SKU-1005,2026-04-23,9
T-3320,SKU-1005,2026-04-24,12
T-3320,SKU-1005,2026-04-25,10
T-3320,SKU-1005,2026-04-26,12
T-3320,SKU-1005,2026-04-27,7
T-3320,SKU-1005,2026-04-28,7
T-3320,SKU-1005,2026-04-29,6
T-3320,SKU-1005,2026-04-30,9
T-3320,SKU-1005,2026-05-01,7
T-3320,SKU-1005,2026-05-02,11
T-3320,SKU-1005,2026-05-03,6
T-3320,SKU-1005,2026-05-04,4
T-3320,SKU-1005,2026-05-05,5
T-3320,SKU-1005,2026-05-06,5
T-3320,SKU-1005,2026-05-07,7
T-3320,SKU-1005,2026-05-08,7
T-3320,SKU-1005,2026-05-09,7
T-3320,SKU-1005,2026-05-10,8
T-3320,SKU-1005,2026-05-11,3
T-3320,SKU-1005,2026-05-12,3
T-3320,SKU-1005,2026-05-13,6
T-3320,SKU-1005,2026-05-14,5
T-3320,SKU-1005,2026-05-15,7
T-3320,SKU-1005,2026-05-16,9
T-3320,SKU-1005,2026-05-17,6
T-3320,SKU-1005,2026-05-18,9
T-3320,SKU-1005,2026-05-19,6
T-3320,SKU-1005,2026-05-20,6
T-3320,SKU-1005,2026-05-21,5
T-3320,SKU-1005,2026-05-22,8
T-3320,SKU-1005,2026-05-23,12
T-3320,SKU-1005,2026-05-24,13
T-3320,SKU-1005,2026-05-25,9
T-3320,SKU-1005,2026-05-26,5
T-3320,SKU-1005,2026-05-27,6
T-3320,SKU-1005,2026-05-28,6
T-3320,SKU-1005,2026-05-29,9
T-3320,SKU-1005,2026-05-30,8
T-3320,SKU-1005,2026-05-31,7
T-3320,SKU-1005,2026-06-01,6
T-3320,SKU-1005,2026-06-02,5
T-3320,SKU-1005,2026-06-03,6
T-3320,SKU-1005,2026-06-04,5
T-3320,SKU-1005,2026-06-05,7
T-3320,SKU-1005,2026-06-06,8
T-3320,SKU-1005,2026-06-07,9
T-3320,SKU-1005,2026-06-08,4
T-3320,SKU-1005,2026-06-09,4
T-3320,SKU-1005,2026-06-10,5
T-3320,SKU-1005,2026-06-11,6
T-3320,SKU-1005,2026-06-12,7
T-3320,SKU-1005,2026-06-13,8
T-3320,SKU-1005,2026-06-14,8
T-3320,SKU-1005,2026-06-15,4
T-1442,SKU-1006,2026-03-18,27
T-1442,SKU-1006,2026-03-19,27
T-1442,SKU-1006,2026-03-20,33
T-1442,SKU-1006,2026-03-21,45
T-1442,SKU-1006,2026-03-22,41
T-1442,SKU-1006,2026-03-23,20
T-1442,SKU-1006,2026-03-24,26
T-1442,SKU-1006,2026-03-25,24
T-1442,SKU-1006,2026-03-26,25
T-1442,SKU-1006,2026-03-27,37
T-1442,SKU-1006,2026-03-28,40
T-1442,SKU-1006,2026-03-29,33
T-1442,SKU-1006,2026-03-30,23
T-1442,SKU-1006,2026-03-31,26
T-1442,SKU-1006,2026-04-01,26
T-1442,SKU-1006,2026-04-02,24
T-1442,SKU-1006,2026-04-03,31
T-1442,SKU-1006,2026-04-04,41
T-1442,SKU-1006,2026-04-05,39
T-1442,SKU-1006,2026-04-06,22
T-1442,SKU-1006,2026-04-07,27
T-1442,SKU-1006,2026-04-08,23
T-1442,SKU-1006,2026-04-09,41
T-1442,SKU-1006,2026-04-10,30
T-1442,SKU-1006,2026-04-11,37
T-1442,SKU-1006,2026-04-12,38
T-1442,SKU-1006,2026-04-13,23
T-1442,SKU-1006,2026-04-14,28
T-1442,SKU-1006,2026-04-15,33
T-1442,SKU-1006,2026-04-16,28
T-1442,SKU-1006,2026-04-17,36
T-1442,SKU-1006,2026-04-18,39
T-1442,SKU-1006,2026-04-19,37
T-1442,SKU-1006,2026-04-20,32
T-1442,SKU-1006,2026-04-21,28
T-1442,SKU-1006,2026-04-22,23
T-1442,SKU-1006,2026-04-23,36
T-1442,SKU-1006,2026-04-24,41
T-1442,SKU-1006,2026-04-25,45
T-1442,SKU-1006,2026-04-26,33
T-1442,SKU-1006,2026-04-27,27
T-1442,SKU-1006,2026-04-28,22
T-1442,SKU-1006,2026-04-29,28
T-1442,SKU-1006,2026-04-30,28
T-1442,SKU-1006,2026-05-01,23
T-1442,SKU-1006,2026-05-02,48
T-1442,SKU-1006,2026-05-03,38
T-1442,SKU-1006,2026-05-04,31
T-1442,SKU-1006,2026-05-05,24
T-1442,SKU-1006,2026-05-06,27
T-1442,SKU-1006,2026-05-07,34
T-1442,SKU-1006,2026-05-08,37
T-1442,SKU-1006,2026-05-09,44
T-1442,SKU-1006,2026-05-10,54
T-1442,SKU-1006,2026-05-11,26
T-1442,SKU-1006,2026-05-12,25
T-1442,SKU-1006,2026-05-13,33
T-1442,SKU-1006,2026-05-14,26
T-1442,SKU-1006,2026-05-15,30
T-1442,SKU-1006,2026-05-16,33
T-1442,SKU-1006,2026-05-17,39
T-1442,SKU-1006,2026-05-18,29
T-1442,SKU-1006,2026-05-19,28
T-1442,SKU-1006,2026-05-20,21
T-1442,SKU-1006,2026-05-21,34
T-1442,SKU-1006,2026-05-22,41
T-1442,SKU-1006,2026-05-23,42
T-1442,SKU-1006,2026-05-24,37
T-1442,SKU-1006,2026-05-25,29
T-1442,SKU-1006,2026-05-26,26
T-1442,SKU-1006,2026-05-27,29
T-1442,SKU-1006,2026-05-28,24
T-1442,SKU-1006,2026-05-29,34
T-1442,SKU-1006,2026-05-30,35
T-1442,SKU-1006,2026-05-31,40
T-1442,SKU-1006,2026-06-01,28
T-1442,SKU-1006,2026-06-02,24
T-1442,SKU-1006,2026-06-03,27
T-1442,SKU-1006,2026-06-04,22
T-1442,SKU-1006,2026-06-05,40
T-1442,SKU-1006,2026-06-06,39
T-1442,SKU-1006,2026-06-07,37
T-1442,SKU-1006,2026-06-08,31
T-1442,SKU-1006,2026-06-09,22
T-1442,SKU-1006,2026-06-10,31
T-1442,SKU-1006,2026-06-11,30
T-1442,SKU-1006,2026-06-12,35
T-1442,SKU-1006,2026-06-13,46
T-1442,SKU-1006,2026-06-14,30
T-1442,SKU-1006,2026-06-15,29
T-2185,SKU-1006,2026-03-18,27
T-2185,SKU-1006,2026-03-19,27
T-2185,SKU-1006,2026-03-20,32
T-2185,SKU-1006,2026-03-21,35
T-2185,SKU-1006,2026-03-22,16
T-2185,SKU-1006,2026-03-23,20
T-2185,SKU-1006,2026-03-24,17
T-2185,SKU-1006,2026-03-25,19
T-2185,SKU-1006,2026-03-26,18
T-2185,SKU-1006,2026-03-27,28
T-2185,SKU-1006,2026-03-28,36
T-2185,SKU-1006,2026-03-29,28
T-2185,SKU-1006,2026-03-30,26
T-2185,SKU-1006,2026-03-31,20
T-2185,SKU-1006,2026-04-01,18
T-2185,SKU-1006,2026-04-02,27
T-2185,SKU-1006,2026-04-03,22
T-2185,SKU-1006,2026-04-04,27
T-2185,SKU-1006,2026-04-05,28
T-2185,SKU-1006,2026-04-06,18
T-2185,SKU-1006,2026-04-07,23
T-2185,SKU-1006,2026-04-08,21
T-2185,SKU-1006,2026-04-09,23
T-2185,SKU-1006,2026-04-10,25
T-2185,SKU-1006,2026-04-11,34
T-2185,SKU-1006,2026-04-12,24
T-2185,SKU-1006,2026-04-13,19
T-2185,SKU-1006,2026-04-14,15
T-2185,SKU-1006,2026-04-15,21
T-2185,SKU-1006,2026-04-16,21
T-2185,SKU-1006,2026-04-17,28
T-2185,SKU-1006,2026-04-18,27
T-2185,SKU-1006,2026-04-19,28
T-2185,SKU-1006,2026-04-20,21
T-2185,SKU-1006,2026-04-21,19
T-2185,SKU-1006,2026-04-22,21
T-2185,SKU-1006,2026-04-23,26
T-2185,SKU-1006,2026-04-24,25
T-2185,SKU-1006,2026-04-25,39
T-2185,SKU-1006,2026-04-26,28
T-2185,SKU-1006,2026-04-27,20
T-2185,SKU-1006,2026-04-28,24
T-2185,SKU-1006,2026-04-29,21
T-2185,SKU-1006,2026-04-30,26
T-2185,SKU-1006,2026-05-01,29
T-2185,SKU-1006,2026-05-02,23
T-2185,SKU-1006,2026-05-03,27
T-2185,SKU-1006,2026-05-04,22
T-2185,SKU-1006,2026-05-05,15
T-2185,SKU-1006,2026-05-06,25
T-2185,SKU-1006,2026-05-07,22
T-2185,SKU-1006,2026-05-08,18
T-2185,SKU-1006,2026-05-09,23
T-2185,SKU-1006,2026-05-10,36
T-2185,SKU-1006,2026-05-11,17
T-2185,SKU-1006,2026-05-12,19
T-2185,SKU-1006,2026-05-13,24
T-2185,SKU-1006,2026-05-14,21
T-2185,SKU-1006,2026-05-15,29
T-2185,SKU-1006,2026-05-16,25
T-2185,SKU-1006,2026-05-17,33
T-2185,SKU-1006,2026-05-18,22
T-2185,SKU-1006,2026-05-19,21
T-2185,SKU-1006,2026-05-20,17
T-2185,SKU-1006,2026-05-21,22
T-2185,SKU-1006,2026-05-22,29
T-2185,SKU-1006,2026-05-23,31
T-2185,SKU-1006,2026-05-24,25
T-2185,SKU-1006,2026-05-25,18
T-2185,SKU-1006,2026-05-26,17
T-2185,SKU-1006,2026-05-27,19
T-2185,SKU-1006,2026-05-28,20
T-2185,SKU-1006,2026-05-29,35
T-2185,SKU-1006,2026-05-30,35
T-2185,SKU-1006,2026-05-31,19
T-2185,SKU-1006,2026-06-01,29
T-2185,SKU-1006,2026-06-02,18
T-2185,SKU-1006,2026-06-03,29
T-2185,SKU-1006,2026-06-04,24
T-2185,SKU-1006,2026-06-05,27
T-2185,SKU-1006,2026-06-06,30
T-2185,SKU-1006,2026-06-07,25
T-2185,SKU-1006,2026-06-08,22
T-2185,SKU-1006,2026-06-09,15
T-2185,SKU-1006,2026-06-10,22
T-2185,SKU-1006,2026-06-11,22
T-2185,SKU-1006,2026-06-12,22
T-2185,SKU-1006,2026-06-13,27
T-2185,SKU-1006,2026-06-14,30
T-2185,SKU-1006,2026-06-15,21
T-3320,SKU-1006,2026-03-18,29
T-3320,SKU-1006,2026-03-19,37
T-3320,SKU-1006,2026-03-20,40
T-3320,SKU-1006,2026-03-21,39
T-3320,SKU-1006,2026-03-22,41
T-3320,SKU-1006,2026-03-23,42
T-3320,SKU-1006,2026-03-24,28
T-3320,SKU-1006,2026-03-25,33
T-3320,SKU-1006,2026-03-26,33
T-3320,SKU-1006,2026-03-27,54
T-3320,SKU-1006,2026-03-28,58
T-3320,SKU-1006,2026-03-29,53
T-3320,SKU-1006,2026-03-30,35
T-3320,SKU-1006,2026-03-31,28
T-3320,SKU-1006,2026-04-01,31
T-3320,SKU-1006,2026-04-02,45
T-3320,SKU-1006,2026-04-03,47
T-3320,SKU-1006,2026-04-04,65
T-3320,SKU-1006,2026-04-05,26
T-3320,SKU-1006,2026-04-06,42
T-3320,SKU-1006,2026-04-07,31
T-3320,SKU-1006,2026-04-08,48
T-3320,SKU-1006,2026-04-09,37
T-3320,SKU-1006,2026-04-10,48
T-3320,SKU-1006,2026-04-11,64
T-3320,SKU-1006,2026-04-12,43
T-3320,SKU-1006,2026-04-13,41
T-3320,SKU-1006,2026-04-14,31
T-3320,SKU-1006,2026-04-15,43
T-3320,SKU-1006,2026-04-16,45
T-3320,SKU-1006,2026-04-17,51
T-3320,SKU-1006,2026-04-18,52
T-3320,SKU-1006,2026-04-19,48
T-3320,SKU-1006,2026-04-20,37
T-3320,SKU-1006,2026-04-21,24
T-3320,SKU-1006,2026-04-22,33
T-3320,SKU-1006,2026-04-23,45
T-3320,SKU-1006,2026-04-24,39
T-3320,SKU-1006,2026-04-25,69
T-3320,SKU-1006,2026-04-26,45
T-3320,SKU-1006,2026-04-27,38
T-3320,SKU-1006,2026-04-28,28
T-3320,SKU-1006,2026-04-29,38
T-3320,SKU-1006,2026-04-30,43
T-3320,SKU-1006,2026-05-01,56
T-3320,SKU-1006,2026-05-02,70
T-3320,SKU-1006,2026-05-03,59
T-3320,SKU-1006,2026-05-04,37
T-3320,SKU-1006,2026-05-05,28
T-3320,SKU-1006,2026-05-06,43
T-3320,SKU-1006,2026-05-07,32
T-3320,SKU-1006,2026-05-08,45
T-3320,SKU-1006,2026-05-09,64
T-3320,SKU-1006,2026-05-10,53
T-3320,SKU-1006,2026-05-11,44
T-3320,SKU-1006,2026-05-12,34
T-3320,SKU-1006,2026-05-13,27
T-3320,SKU-1006,2026-05-14,38
T-3320,SKU-1006,2026-05-15,49
T-3320,SKU-1006,2026-05-16,55
T-3320,SKU-1006,2026-05-17,60
T-3320,SKU-1006,2026-05-18,35
T-3320,SKU-1006,2026-05-19,27
T-3320,SKU-1006,2026-05-20,38
T-3320,SKU-1006,2026-05-21,33
T-3320,SKU-1006,2026-05-22,60
T-3320,SKU-1006,2026-05-23,60
T-3320,SKU-1006,2026-05-24,39
T-3320,SKU-1006,2026-05-25,42
T-3320,SKU-1006,2026-05-26,46
T-3320,SKU-1006,2026-05-27,25
T-3320,SKU-1006,2026-05-28,45
T-3320,SKU-1006,2026-05-29,51
T-3320,SKU-1006,2026-05-30,59
T-3320,SKU-1006,2026-05-31,52
T-3320,SKU-1006,2026-06-01,39
T-3320,SKU-1006,2026-06-02,30
T-3320,SKU-1006,2026-06-03,43
T-3320,SKU-1006,2026-06-04,32
T-3320,SKU-1006,2026-06-05,62
T-3320,SKU-1006,2026-06-06,71
T-3320,SKU-1006,2026-06-07,41
T-3320,SKU-1006,2026-06-08,36
T-3320,SKU-1006,2026-06-09,41
T-3320,SKU-1006,2026-06-10,33
T-3320,SKU-1006,2026-06-11,39
T-3320,SKU-1006,2026-06-12,45
T-3320,SKU-1006,2026-06-13,68
T-3320,SKU-1006,2026-06-14,45
T-3320,SKU-1006,2026-06-15,36
T-1442,SKU-1007,2026-03-18,2
T-1442,SKU-1007,2026-03-19,1
T-1442,SKU-1007,2026-03-20,4
T-1442,SKU-1007,2026-03-21,3
T-1442,SKU-1007,2026-03-22,4
T-1442,SKU-1007,2026-03-23,2
T-1442,SKU-1007,2026-03-24,4
T-1442,SKU-1007,2026-03-25,3
T-1442,SKU-1007,2026-03-26,2
T-1442,SKU-1007,2026-03-27,3
T-1442,SKU-1007,2026-03-28,5
T-1442,SKU-1007,2026-03-29,3
T-1442,SKU-1007,2026-03-30,2
T-1442,SKU-1007,2026-03-31,2
T-1442,SKU-1007,2026-04-01,2
T-1442,SKU-1007,2026-04-02,3
T-1442,SKU-1007,2026-04-03,5
T-1442,SKU-1007,2026-04-04,4
T-1442,SKU-1007,2026-04-05,5
T-1442,SKU-1007,2026-04-06,2
T-1442,SKU-1007,2026-04-07,3
T-1442,SKU-1007,2026-04-08,3
T-1442,SKU-1007,2026-04-09,4
T-1442,SKU-1007,2026-04-10,5
T-1442,SKU-1007,2026-04-11,4
T-1442,SKU-1007,2026-04-12,5
T-1442,SKU-1007,2026-04-13,3
T-1442,SKU-1007,2026-04-14,3
T-1442,SKU-1007,2026-04-15,3
T-1442,SKU-1007,2026-04-16,2
T-1442,SKU-1007,2026-04-17,6
T-1442,SKU-1007,2026-04-18,3
T-1442,SKU-1007,2026-04-19,5
T-1442,SKU-1007,2026-04-20,4
T-1442,SKU-1007,2026-04-21,3
T-1442,SKU-1007,2026-04-22,3
T-1442,SKU-1007,2026-04-23,3
T-1442,SKU-1007,2026-04-24,5
T-1442,SKU-1007,2026-04-25,6
T-1442,SKU-1007,2026-04-26,6
T-1442,SKU-1007,2026-04-27,3
T-1442,SKU-1007,2026-04-28,4
T-1442,SKU-1007,2026-04-29,3
T-1442,SKU-1007,2026-04-30,4
T-1442,SKU-1007,2026-05-01,6
T-1442,SKU-1007,2026-05-02,6
T-1442,SKU-1007,2026-05-03,5
T-1442,SKU-1007,2026-05-04,5
T-1442,SKU-1007,2026-05-05,3
T-1442,SKU-1007,2026-05-06,6
T-1442,SKU-1007,2026-05-07,3
T-1442,SKU-1007,2026-05-08,5
T-1442,SKU-1007,2026-05-09,6
T-1442,SKU-1007,2026-05-10,6
T-1442,SKU-1007,2026-05-11,7
T-1442,SKU-1007,2026-05-12,4
T-1442,SKU-1007,2026-05-13,2
T-1442,SKU-1007,2026-05-14,5
T-1442,SKU-1007,2026-05-15,6
T-1442,SKU-1007,2026-05-16,8
T-1442,SKU-1007,2026-05-17,7
T-1442,SKU-1007,2026-05-18,5
T-1442,SKU-1007,2026-05-19,5
T-1442,SKU-1007,2026-05-20,3
T-1442,SKU-1007,2026-05-21,4
T-1442,SKU-1007,2026-05-22,6
T-1442,SKU-1007,2026-05-23,8
T-1442,SKU-1007,2026-05-24,5
T-1442,SKU-1007,2026-05-25,6
T-1442,SKU-1007,2026-05-26,3
T-1442,SKU-1007,2026-05-27,5
T-1442,SKU-1007,2026-05-28,4
T-1442,SKU-1007,2026-05-29,5
T-1442,SKU-1007,2026-05-30,9
T-1442,SKU-1007,2026-05-31,7
T-1442,SKU-1007,2026-06-01,6
T-1442,SKU-1007,2026-06-02,6
T-1442,SKU-1007,2026-06-03,5
T-1442,SKU-1007,2026-06-04,6
T-1442,SKU-1007,2026-06-05,6
T-1442,SKU-1007,2026-06-06,10
T-1442,SKU-1007,2026-06-07,7
T-1442,SKU-1007,2026-06-08,7
T-1442,SKU-1007,2026-06-09,7
T-1442,SKU-1007,2026-06-10,4
T-1442,SKU-1007,2026-06-11,7
T-1442,SKU-1007,2026-06-12,5
T-1442,SKU-1007,2026-06-13,11
T-1442,SKU-1007,2026-06-14,7
T-1442,SKU-1007,2026-06-15,5
T-2185,SKU-1007,2026-03-18,2
T-2185,SKU-1007,2026-03-19,2
T-2185,SKU-1007,2026-03-20,1
T-2185,SKU-1007,2026-03-21,3
T-2185,SKU-1007,2026-03-22,1
T-2185,SKU-1007,2026-03-23,1
T-2185,SKU-1007,2026-03-24,1
T-2185,SKU-1007,2026-03-25,3
T-2185,SKU-1007,2026-03-26,3
T-2185,SKU-1007,2026-03-27,5
T-2185,SKU-1007,2026-03-28,3
T-2185,SKU-1007,2026-03-29,2
T-2185,SKU-1007,2026-03-30,1
T-2185,SKU-1007,2026-03-31,3
T-2185,SKU-1007,2026-04-01,0
T-2185,SKU-1007,2026-04-02,2
T-2185,SKU-1007,2026-04-03,2
T-2185,SKU-1007,2026-04-04,5
T-2185,SKU-1007,2026-04-05,2
T-2185,SKU-1007,2026-04-06,3
T-2185,SKU-1007,2026-04-07,3
T-2185,SKU-1007,2026-04-08,2
T-2185,SKU-1007,2026-04-09,3
T-2185,SKU-1007,2026-04-10,1
T-2185,SKU-1007,2026-04-11,3
T-2185,SKU-1007,2026-04-12,3
T-2185,SKU-1007,2026-04-13,0
T-2185,SKU-1007,2026-04-14,2
T-2185,SKU-1007,2026-04-15,2
T-2185,SKU-1007,2026-04-16,1
T-2185,SKU-1007,2026-04-17,1
T-2185,SKU-1007,2026-04-18,3
T-2185,SKU-1007,2026-04-19,2
T-2185,SKU-1007,2026-04-20,2
T-2185,SKU-1007,2026-04-21,1
T-2185,SKU-1007,2026-04-22,1
T-2185,SKU-1007,2026-04-23,3
T-2185,SKU-1007,2026-04-24,3
T-2185,SKU-1007,2026-04-25,4
T-2185,SKU-1007,2026-04-26,3
T-2185,SKU-1007,2026-04-27,3
T-2185,SKU-1007,2026-04-28,2
T-2185,SKU-1007,2026-04-29,3
T-2185,SKU-1007,2026-04-30,3
T-2185,SKU-1007,2026-05-01,4
T-2185,SKU-1007,2026-05-02,5
T-2185,SKU-1007,2026-05-03,2
T-2185,SKU-1007,2026-05-04,3
T-2185,SKU-1007,2026-05-05,4
T-2185,SKU-1007,2026-05-06,2
T-2185,SKU-1007,2026-05-07,3
T-2185,SKU-1007,2026-05-08,3
T-2185,SKU-1007,2026-05-09,5
T-2185,SKU-1007,2026-05-10,4
T-2185,SKU-1007,2026-05-11,2
T-2185,SKU-1007,2026-05-12,4
T-2185,SKU-1007,2026-05-13,2
T-2185,SKU-1007,2026-05-14,3
T-2185,SKU-1007,2026-05-15,5
T-2185,SKU-1007,2026-05-16,6
T-2185,SKU-1007,2026-05-17,3
T-2185,SKU-1007,2026-05-18,4
T-2185,SKU-1007,2026-05-19,3
T-2185,SKU-1007,2026-05-20,1
T-2185,SKU-1007,2026-05-21,2
T-2185,SKU-1007,2026-05-22,3
T-2185,SKU-1007,2026-05-23,4
T-2185,SKU-1007,2026-05-24,4
T-2185,SKU-1007,2026-05-25,3
T-2185,SKU-1007,2026-05-26,4
T-2185,SKU-1007,2026-05-27,3
T-2185,SKU-1007,2026-05-28,6
T-2185,SKU-1007,2026-05-29,4
T-2185,SKU-1007,2026-05-30,6
T-2185,SKU-1007,2026-05-31,5
T-2185,SKU-1007,2026-06-01,5
T-2185,SKU-1007,2026-06-02,2
T-2185,SKU-1007,2026-06-03,4
T-2185,SKU-1007,2026-06-04,5
T-2185,SKU-1007,2026-06-05,3
T-2185,SKU-1007,2026-06-06,5
T-2185,SKU-1007,2026-06-07,5
T-2185,SKU-1007,2026-06-08,3
T-2185,SKU-1007,2026-06-09,2
T-2185,SKU-1007,2026-06-10,5
T-2185,SKU-1007,2026-06-11,3
T-2185,SKU-1007,2026-06-12,6
T-2185,SKU-1007,2026-06-13,5
T-2185,SKU-1007,2026-06-14,4
T-2185,SKU-1007,2026-06-15,4
T-3320,SKU-1007,2026-03-18,3
T-3320,SKU-1007,2026-03-19,5
T-3320,SKU-1007,2026-03-20,5
T-3320,SKU-1007,2026-03-21,6
T-3320,SKU-1007,2026-03-22,6
T-3320,SKU-1007,2026-03-23,3
T-3320,SKU-1007,2026-03-24,4
T-3320,SKU-1007,2026-03-25,4
T-3320,SKU-1007,2026-03-26,3
T-3320,SKU-1007,2026-03-27,4
T-3320,SKU-1007,2026-03-28,5
T-3320,SKU-1007,2026-03-29,4
T-3320,SKU-1007,2026-03-30,3
T-3320,SKU-1007,2026-03-31,3
T-3320,SKU-1007,2026-04-01,2
T-3320,SKU-1007,2026-04-02,5
T-3320,SKU-1007,2026-04-03,6
T-3320,SKU-1007,2026-04-04,7
T-3320,SKU-1007,2026-04-05,7
T-3320,SKU-1007,2026-04-06,4
T-3320,SKU-1007,2026-04-07,5
T-3320,SKU-1007,2026-04-08,4
T-3320,SKU-1007,2026-04-09,6
T-3320,SKU-1007,2026-04-10,5
T-3320,SKU-1007,2026-04-11,6
T-3320,SKU-1007,2026-04-12,6
T-3320,SKU-1007,2026-04-13,5
T-3320,SKU-1007,2026-04-14,4
T-3320,SKU-1007,2026-04-15,3
T-3320,SKU-1007,2026-04-16,3
T-3320,SKU-1007,2026-04-17,7
T-3320,SKU-1007,2026-04-18,8
T-3320,SKU-1007,2026-04-19,4
T-3320,SKU-1007,2026-04-20,4
T-3320,SKU-1007,2026-04-21,6
T-3320,SKU-1007,2026-04-22,4
T-3320,SKU-1007,2026-04-23,6
T-3320,SKU-1007,2026-04-24,8
T-3320,SKU-1007,2026-04-25,9
T-3320,SKU-1007,2026-04-26,9
T-3320,SKU-1007,2026-04-27,6
T-3320,SKU-1007,2026-04-28,5
T-3320,SKU-1007,2026-04-29,3
T-3320,SKU-1007,2026-04-30,6
T-3320,SKU-1007,2026-05-01,9
T-3320,SKU-1007,2026-05-02,7
T-3320,SKU-1007,2026-05-03,7
T-3320,SKU-1007,2026-05-04,5
T-3320,SKU-1007,2026-05-05,4
T-3320,SKU-1007,2026-05-06,5
T-3320,SKU-1007,2026-05-07,7
T-3320,SKU-1007,2026-05-08,7
T-3320,SKU-1007,2026-05-09,10
T-3320,SKU-1007,2026-05-10,7
T-3320,SKU-1007,2026-05-11,3
T-3320,SKU-1007,2026-05-12,5
T-3320,SKU-1007,2026-05-13,6
T-3320,SKU-1007,2026-05-14,5
T-3320,SKU-1007,2026-05-15,8
T-3320,SKU-1007,2026-05-16,10
T-3320,SKU-1007,2026-05-17,9
T-3320,SKU-1007,2026-05-18,7
T-3320,SKU-1007,2026-05-19,5
T-3320,SKU-1007,2026-05-20,6
T-3320,SKU-1007,2026-05-21,6
T-3320,SKU-1007,2026-05-22,5
T-3320,SKU-1007,2026-05-23,7
T-3320,SKU-1007,2026-05-24,7
T-3320,SKU-1007,2026-05-25,7
T-3320,SKU-1007,2026-05-26,7
T-3320,SKU-1007,2026-05-27,8
T-3320,SKU-1007,2026-05-28,5
T-3320,SKU-1007,2026-05-29,8
T-3320,SKU-1007,2026-05-30,10
T-3320,SKU-1007,2026-05-31,8
T-3320,SKU-1007,2026-06-01,6
T-3320,SKU-1007,2026-06-02,7
T-3320,SKU-1007,2026-06-03,7
T-3320,SKU-1007,2026-06-04,7
T-3320,SKU-1007,2026-06-05,10
T-3320,SKU-1007,2026-06-06,11
T-3320,SKU-1007,2026-06-07,12
T-3320,SKU-1007,2026-06-08,7
T-3320,SKU-1007,2026-06-09,6
T-3320,SKU-1007,2026-06-10,7
T-3320,SKU-1007,2026-06-11,7
T-3320,SKU-1007,2026-06-12,7
T-3320,SKU-1007,2026-06-13,8
T-3320,SKU-1007,2026-06-14,10
T-3320,SKU-1007,2026-06-15,7
T-1442,SKU-1008,2026-03-18,5
T-1442,SKU-1008,2026-03-19,3
T-1442,SKU-1008,2026-03-20,5
T-1442,SKU-1008,2026-03-21,6
T-1442,SKU-1008,2026-03-22,6
T-1442,SKU-1008,2026-03-23,3
T-1442,SKU-1008,2026-03-24,3
T-1442,SKU-1008,2026-03-25,3
T-1442,SKU-1008,2026-03-26,4
T-1442,SKU-1008,2026-03-27,5
T-1442,SKU-1008,2026-03-28,6
T-1442,SKU-1008,2026-03-29,3
T-1442,SKU-1008,2026-03-30,2
T-1442,SKU-1008,2026-03-31,4
T-1442,SKU-1008,2026-04-01,2
T-1442,SKU-1008,2026-04-02,4
T-1442,SKU-1008,2026-04-03,4
T-1442,SKU-1008,2026-04-04,5
T-1442,SKU-1008,2026-04-05,5
T-1442,SKU-1008,2026-04-06,5
T-1442,SKU-1008,2026-04-07,3
T-1442,SKU-1008,2026-04-08,3
T-1442,SKU-1008,2026-04-09,2
T-1442,SKU-1008,2026-04-10,5
T-1442,SKU-1008,2026-04-11,6
T-1442,SKU-1008,2026-04-12,5
T-1442,SKU-1008,2026-04-13,4
T-1442,SKU-1008,2026-04-14,3
T-1442,SKU-1008,2026-04-15,2
T-1442,SKU-1008,2026-04-16,3
T-1442,SKU-1008,2026-04-17,5
T-1442,SKU-1008,2026-04-18,6
T-1442,SKU-1008,2026-04-19,4
T-1442,SKU-1008,2026-04-20,3
T-1442,SKU-1008,2026-04-21,3
T-1442,SKU-1008,2026-04-22,4
T-1442,SKU-1008,2026-04-23,4
T-1442,SKU-1008,2026-04-24,4
T-1442,SKU-1008,2026-04-25,5
T-1442,SKU-1008,2026-04-26,3
T-1442,SKU-1008,2026-04-27,2
T-1442,SKU-1008,2026-04-28,2
T-1442,SKU-1008,2026-04-29,4
T-1442,SKU-1008,2026-04-30,3
T-1442,SKU-1008,2026-05-01,4
T-1442,SKU-1008,2026-05-02,3
T-1442,SKU-1008,2026-05-03,2
T-1442,SKU-1008,2026-05-04,4
T-1442,SKU-1008,2026-05-05,2
T-1442,SKU-1008,2026-05-06,1
T-1442,SKU-1008,2026-05-07,4
T-1442,SKU-1008,2026-05-08,4
T-1442,SKU-1008,2026-05-09,7
T-1442,SKU-1008,2026-05-10,5
T-1442,SKU-1008,2026-05-11,3
T-1442,SKU-1008,2026-05-12,2
T-1442,SKU-1008,2026-05-13,3
T-1442,SKU-1008,2026-05-14,3
T-1442,SKU-1008,2026-05-15,2
T-1442,SKU-1008,2026-05-16,5
T-1442,SKU-1008,2026-05-17,3
T-1442,SKU-1008,2026-05-18,0
T-1442,SKU-1008,2026-05-19,1
T-1442,SKU-1008,2026-05-20,1
T-1442,SKU-1008,2026-05-21,3
T-1442,SKU-1008,2026-05-22,3
T-1442,SKU-1008,2026-05-23,5
T-1442,SKU-1008,2026-05-24,1
T-1442,SKU-1008,2026-05-25,1
T-1442,SKU-1008,2026-05-26,3
T-1442,SKU-1008,2026-05-27,1
T-1442,SKU-1008,2026-05-28,1
T-1442,SKU-1008,2026-05-29,2
T-1442,SKU-1008,2026-05-30,2
T-1442,SKU-1008,2026-05-31,3
T-1442,SKU-1008,2026-06-01,3
T-1442,SKU-1008,2026-06-02,0
T-1442,SKU-1008,2026-06-03,2
T-1442,SKU-1008,2026-06-04,2
T-1442,SKU-1008,2026-06-05,3
T-1442,SKU-1008,2026-06-06,4
T-1442,SKU-1008,2026-06-07,3
T-1442,SKU-1008,2026-06-08,1
T-1442,SKU-1008,2026-06-09,1
T-1442,SKU-1008,2026-06-10,0
T-1442,SKU-1008,2026-06-11,2
T-1442,SKU-1008,2026-06-12,2
T-1442,SKU-1008,2026-06-13,4
T-1442,SKU-1008,2026-06-14,2
T-1442,SKU-1008,2026-06-15,4
T-2185,SKU-1008,2026-03-18,1
T-2185,SKU-1008,2026-03-19,4
T-2185,SKU-1008,2026-03-20,4
T-2185,SKU-1008,2026-03-21,4
T-2185,SKU-1008,2026-03-22,4
T-2185,SKU-1008,2026-03-23,3
T-2185,SKU-1008,2026-03-24,4
T-2185,SKU-1008,2026-03-25,3
T-2185,SKU-1008,2026-03-26,3
T-2185,SKU-1008,2026-03-27,3
T-2185,SKU-1008,2026-03-28,4
T-2185,SKU-1008,2026-03-29,3
T-2185,SKU-1008,2026-03-30,3
T-2185,SKU-1008,2026-03-31,3
T-2185,SKU-1008,2026-04-01,3
T-2185,SKU-1008,2026-04-02,3
T-2185,SKU-1008,2026-04-03,3
T-2185,SKU-1008,2026-04-04,4
T-2185,SKU-1008,2026-04-05,4
T-2185,SKU-1008,2026-04-06,1
T-2185,SKU-1008,2026-04-07,2
T-2185,SKU-1008,2026-04-08,4
T-2185,SKU-1008,2026-04-09,2
T-2185,SKU-1008,2026-04-10,2
T-2185,SKU-1008,2026-04-11,4
T-2185,SKU-1008,2026-04-12,4
T-2185,SKU-1008,2026-04-13,2
T-2185,SKU-1008,2026-04-14,2
T-2185,SKU-1008,2026-04-15,2
T-2185,SKU-1008,2026-04-16,3
T-2185,SKU-1008,2026-04-17,5
T-2185,SKU-1008,2026-04-18,3
T-2185,SKU-1008,2026-04-19,4
T-2185,SKU-1008,2026-04-20,2
T-2185,SKU-1008,2026-04-21,1
T-2185,SKU-1008,2026-04-22,3
T-2185,SKU-1008,2026-04-23,5
T-2185,SKU-1008,2026-04-24,2
T-2185,SKU-1008,2026-04-25,3
T-2185,SKU-1008,2026-04-26,1
T-2185,SKU-1008,2026-04-27,2
T-2185,SKU-1008,2026-04-28,3
T-2185,SKU-1008,2026-04-29,3
T-2185,SKU-1008,2026-04-30,3
T-2185,SKU-1008,2026-05-01,3
T-2185,SKU-1008,2026-05-02,2
T-2185,SKU-1008,2026-05-03,3
T-2185,SKU-1008,2026-05-04,1
T-2185,SKU-1008,2026-05-05,1
T-2185,SKU-1008,2026-05-06,0
T-2185,SKU-1008,2026-05-07,3
T-2185,SKU-1008,2026-05-08,2
T-2185,SKU-1008,2026-05-09,4
T-2185,SKU-1008,2026-05-10,2
T-2185,SKU-1008,2026-05-11,2
T-2185,SKU-1008,2026-05-12,2
T-2185,SKU-1008,2026-05-13,2
T-2185,SKU-1008,2026-05-14,3
T-2185,SKU-1008,2026-05-15,4
T-2185,SKU-1008,2026-05-16,2
T-2185,SKU-1008,2026-05-17,4
T-2185,SKU-1008,2026-05-18,3
T-2185,SKU-1008,2026-05-19,2
T-2185,SKU-1008,2026-05-20,2
T-2185,SKU-1008,2026-05-21,1
T-2185,SKU-1008,2026-05-22,1
T-2185,SKU-1008,2026-05-23,3
T-2185,SKU-1008,2026-05-24,2
T-2185,SKU-1008,2026-05-25,2
T-2185,SKU-1008,2026-05-26,0
T-2185,SKU-1008,2026-05-27,1
T-2185,SKU-1008,2026-05-28,1
T-2185,SKU-1008,2026-05-29,3
T-2185,SKU-1008,2026-05-30,2
T-2185,SKU-1008,2026-05-31,2
T-2185,SKU-1008,2026-06-01,1
T-2185,SKU-1008,2026-06-02,4
T-2185,SKU-1008,2026-06-03,0
T-2185,SKU-1008,2026-06-04,5
T-2185,SKU-1008,2026-06-05,5
T-2185,SKU-1008,2026-06-06,2
T-2185,SKU-1008,2026-06-07,2
T-2185,SKU-1008,2026-06-08,1
T-2185,SKU-1008,2026-06-09,1
T-2185,SKU-1008,2026-06-10,2
T-2185,SKU-1008,2026-06-11,1
T-2185,SKU-1008,2026-06-12,2
T-2185,SKU-1008,2026-06-13,1
T-2185,SKU-1008,2026-06-14,1
T-2185,SKU-1008,2026-06-15,1
T-3320,SKU-1008,2026-03-18,7
T-3320,SKU-1008,2026-03-19,7
T-3320,SKU-1008,2026-03-20,4
T-3320,SKU-1008,2026-03-21,8
T-3320,SKU-1008,2026-03-22,8
T-3320,SKU-1008,2026-03-23,4
T-3320,SKU-1008,2026-03-24,3
T-3320,SKU-1008,2026-03-25,5
T-3320,SKU-1008,2026-03-26,5
T-3320,SKU-1008,2026-03-27,7
T-3320,SKU-1008,2026-03-28,7
T-3320,SKU-1008,2026-03-29,9
T-3320,SKU-1008,2026-03-30,4
T-3320,SKU-1008,2026-03-31,4
T-3320,SKU-1008,2026-04-01,5
T-3320,SKU-1008,2026-04-02,6
T-3320,SKU-1008,2026-04-03,4
T-3320,SKU-1008,2026-04-04,9
T-3320,SKU-1008,2026-04-05,5
T-3320,SKU-1008,2026-04-06,4
T-3320,SKU-1008,2026-04-07,4
T-3320,SKU-1008,2026-04-08,4
T-3320,SKU-1008,2026-04-09,6
T-3320,SKU-1008,2026-04-10,3
T-3320,SKU-1008,2026-04-11,6
T-3320,SKU-1008,2026-04-12,5
T-3320,SKU-1008,2026-04-13,5
T-3320,SKU-1008,2026-04-14,5
T-3320,SKU-1008,2026-04-15,5
T-3320,SKU-1008,2026-04-16,6
T-3320,SKU-1008,2026-04-17,3
T-3320,SKU-1008,2026-04-18,7
T-3320,SKU-1008,2026-04-19,4
T-3320,SKU-1008,2026-04-20,4
T-3320,SKU-1008,2026-04-21,4
T-3320,SKU-1008,2026-04-22,4
T-3320,SKU-1008,2026-04-23,6
T-3320,SKU-1008,2026-04-24,3
T-3320,SKU-1008,2026-04-25,5
T-3320,SKU-1008,2026-04-26,4
T-3320,SKU-1008,2026-04-27,2
T-3320,SKU-1008,2026-04-28,4
T-3320,SKU-1008,2026-04-29,4
T-3320,SKU-1008,2026-04-30,6
T-3320,SKU-1008,2026-05-01,6
T-3320,SKU-1008,2026-05-02,6
T-3320,SKU-1008,2026-05-03,4
T-3320,SKU-1008,2026-05-04,5
T-3320,SKU-1008,2026-05-05,3
T-3320,SKU-1008,2026-05-06,2
T-3320,SKU-1008,2026-05-07,3
T-3320,SKU-1008,2026-05-08,5
T-3320,SKU-1008,2026-05-09,7
T-3320,SKU-1008,2026-05-10,5
T-3320,SKU-1008,2026-05-11,5
T-3320,SKU-1008,2026-05-12,3
T-3320,SKU-1008,2026-05-13,3
T-3320,SKU-1008,2026-05-14,6
T-3320,SKU-1008,2026-05-15,6
T-3320,SKU-1008,2026-05-16,5
T-3320,SKU-1008,2026-05-17,3
T-3320,SKU-1008,2026-05-18,1
T-3320,SKU-1008,2026-05-19,3
T-3320,SKU-1008,2026-05-20,3
T-3320,SKU-1008,2026-05-21,4
T-3320,SKU-1008,2026-05-22,4
T-3320,SKU-1008,2026-05-23,5
T-3320,SKU-1008,2026-05-24,5
T-3320,SKU-1008,2026-05-25,3
T-3320,SKU-1008,2026-05-26,2
T-3320,SKU-1008,2026-05-27,2
T-3320,SKU-1008,2026-05-28,4
T-3320,SKU-1008,2026-05-29,3
T-3320,SKU-1008,2026-05-30,5
T-3320,SKU-1008,2026-05-31,4
T-3320,SKU-1008,2026-06-01,3
T-3320,SKU-1008,2026-06-02,2
T-3320,SKU-1008,2026-06-03,1
T-3320,SKU-1008,2026-06-04,2
T-3320,SKU-1008,2026-06-05,2
T-3320,SKU-1008,2026-06-06,4
T-3320,SKU-1008,2026-06-07,3
T-3320,SKU-1008,2026-06-08,2
T-3320,SKU-1008,2026-06-09,3
T-3320,SKU-1008,2026-06-10,2
T-3320,SKU-1008,2026-06-11,3
T-3320,SKU-1008,2026-06-12,4
T-3320,SKU-1008,2026-06-13,5
T-3320,SKU-1008,2026-06-14,2
T-3320,SKU-1008,2026-06-15,3
T-1442,SKU-1009,2026-03-18,15
T-1442,SKU-1009,2026-03-19,20
T-1442,SKU-1009,2026-03-20,55
T-1442,SKU-1009,2026-03-21,110
T-1442,SKU-1009,2026-03-22,37
T-1442,SKU-1009,2026-03-23,11
T-1442,SKU-1009,2026-03-24,21
T-1442,SKU-1009,2026-03-25,19
T-1442,SKU-1009,2026-03-26,42
T-1442,SKU-1009,2026-03-27,21
T-1442,SKU-1009,2026-03-28,46
T-1442,SKU-1009,2026-03-29,24
T-1442,SKU-1009,2026-03-30,26
T-1442,SKU-1009,2026-03-31,14
T-1442,SKU-1009,2026-04-01,31
T-1442,SKU-1009,2026-04-02,17
T-1442,SKU-1009,2026-04-03,44
T-1442,SKU-1009,2026-04-04,7
T-1442,SKU-1009,2026-04-05,21
T-1442,SKU-1009,2026-04-06,21
T-1442,SKU-1009,2026-04-07,21
T-1442,SKU-1009,2026-04-08,25
T-1442,SKU-1009,2026-04-09,26
T-1442,SKU-1009,2026-04-10,23
T-1442,SKU-1009,2026-04-11,74
T-1442,SKU-1009,2026-04-12,18
T-1442,SKU-1009,2026-04-13,18
T-1442,SKU-1009,2026-04-14,12
T-1442,SKU-1009,2026-04-15,34
T-1442,SKU-1009,2026-04-16,19
T-1442,SKU-1009,2026-04-17,0
T-1442,SKU-1009,2026-04-18,52
T-1442,SKU-1009,2026-04-19,39
T-1442,SKU-1009,2026-04-20,22
T-1442,SKU-1009,2026-04-21,22
T-1442,SKU-1009,2026-04-22,10
T-1442,SKU-1009,2026-04-23,24
T-1442,SKU-1009,2026-04-24,0
T-1442,SKU-1009,2026-04-25,13
T-1442,SKU-1009,2026-04-26,40
T-1442,SKU-1009,2026-04-27,26
T-1442,SKU-1009,2026-04-28,19
T-1442,SKU-1009,2026-04-29,30
T-1442,SKU-1009,2026-04-30,20
T-1442,SKU-1009,2026-05-01,8
T-1442,SKU-1009,2026-05-02,107
T-1442,SKU-1009,2026-05-03,6
T-1442,SKU-1009,2026-05-04,25
T-1442,SKU-1009,2026-05-05,15
T-1442,SKU-1009,2026-05-06,15
T-1442,SKU-1009,2026-05-07,6
T-1442,SKU-1009,2026-05-08,15
T-1442,SKU-1009,2026-05-09,50
T-1442,SKU-1009,2026-05-10,20
T-1442,SKU-1009,2026-05-11,27
T-1442,SKU-1009,2026-05-12,30
T-1442,SKU-1009,2026-05-13,7
T-1442,SKU-1009,2026-05-14,7
T-1442,SKU-1009,2026-05-15,39
T-1442,SKU-1009,2026-05-16,65
T-1442,SKU-1009,2026-05-17,37
T-1442,SKU-1009,2026-05-18,19
T-1442,SKU-1009,2026-05-19,12
T-1442,SKU-1009,2026-05-20,24
T-1442,SKU-1009,2026-05-21,25
T-1442,SKU-1009,2026-05-22,55
T-1442,SKU-1009,2026-05-23,18
T-1442,SKU-1009,2026-05-24,31
T-1442,SKU-1009,2026-05-25,16
T-1442,SKU-1009,2026-05-26,18
T-1442,SKU-1009,2026-05-27,16
T-1442,SKU-1009,2026-05-28,24
T-1442,SKU-1009,2026-05-29,26
T-1442,SKU-1009,2026-05-30,38
T-1442,SKU-1009,2026-05-31,17
T-1442,SKU-1009,2026-06-01,24
T-1442,SKU-1009,2026-06-02,14
T-1442,SKU-1009,2026-06-03,21
T-1442,SKU-1009,2026-06-04,40
T-1442,SKU-1009,2026-06-05,13
T-1442,SKU-1009,2026-06-06,90
T-1442,SKU-1009,2026-06-07,23
T-1442,SKU-1009,2026-06-08,23
T-1442,SKU-1009,2026-06-09,25
T-1442,SKU-1009,2026-06-10,24
T-1442,SKU-1009,2026-06-11,27
T-1442,SKU-1009,2026-06-12,35
T-1442,SKU-1009,2026-06-13,53
T-1442,SKU-1009,2026-06-14,12
T-1442,SKU-1009,2026-06-15,22
T-2185,SKU-1009,2026-03-18,14
T-2185,SKU-1009,2026-03-19,27
T-2185,SKU-1009,2026-03-20,23
T-2185,SKU-1009,2026-03-21,32
T-2185,SKU-1009,2026-03-22,26
T-2185,SKU-1009,2026-03-23,18
T-2185,SKU-1009,2026-03-24,19
T-2185,SKU-1009,2026-03-25,11
T-2185,SKU-1009,2026-03-26,4
T-2185,SKU-1009,2026-03-27,10
T-2185,SKU-1009,2026-03-28,30
T-2185,SKU-1009,2026-03-29,27
T-2185,SKU-1009,2026-03-30,20
T-2185,SKU-1009,2026-03-31,0
T-2185,SKU-1009,2026-04-01,18
T-2185,SKU-1009,2026-04-02,14
T-2185,SKU-1009,2026-04-03,14
T-2185,SKU-1009,2026-04-04,87
T-2185,SKU-1009,2026-04-05,22
T-2185,SKU-1009,2026-04-06,20
T-2185,SKU-1009,2026-04-07,31
T-2185,SKU-1009,2026-04-08,9
T-2185,SKU-1009,2026-04-09,12
T-2185,SKU-1009,2026-04-10,59
T-2185,SKU-1009,2026-04-11,11
T-2185,SKU-1009,2026-04-12,20
T-2185,SKU-1009,2026-04-13,14
T-2185,SKU-1009,2026-04-14,20
T-2185,SKU-1009,2026-04-15,17
T-2185,SKU-1009,2026-04-16,8
T-2185,SKU-1009,2026-04-17,50
T-2185,SKU-1009,2026-04-18,58
T-2185,SKU-1009,2026-04-19,8
T-2185,SKU-1009,2026-04-20,8
T-2185,SKU-1009,2026-04-21,9
T-2185,SKU-1009,2026-04-22,5
T-2185,SKU-1009,2026-04-23,24
T-2185,SKU-1009,2026-04-24,27
T-2185,SKU-1009,2026-04-25,33
T-2185,SKU-1009,2026-04-26,8
T-2185,SKU-1009,2026-04-27,11
T-2185,SKU-1009,2026-04-28,23
T-2185,SKU-1009,2026-04-29,19
T-2185,SKU-1009,2026-04-30,2
T-2185,SKU-1009,2026-05-01,15
T-2185,SKU-1009,2026-05-02,53
T-2185,SKU-1009,2026-05-03,14
T-2185,SKU-1009,2026-05-04,9
T-2185,SKU-1009,2026-05-05,7
T-2185,SKU-1009,2026-05-06,4
T-2185,SKU-1009,2026-05-07,16
T-2185,SKU-1009,2026-05-08,26
T-2185,SKU-1009,2026-05-09,64
T-2185,SKU-1009,2026-05-10,18
T-2185,SKU-1009,2026-05-11,6
T-2185,SKU-1009,2026-05-12,18
T-2185,SKU-1009,2026-05-13,24
T-2185,SKU-1009,2026-05-14,9
T-2185,SKU-1009,2026-05-15,2
T-2185,SKU-1009,2026-05-16,29
T-2185,SKU-1009,2026-05-17,5
T-2185,SKU-1009,2026-05-18,26
T-2185,SKU-1009,2026-05-19,3
T-2185,SKU-1009,2026-05-20,11
T-2185,SKU-1009,2026-05-21,27
T-2185,SKU-1009,2026-05-22,48
T-2185,SKU-1009,2026-05-23,28
T-2185,SKU-1009,2026-05-24,11
T-2185,SKU-1009,2026-05-25,12
T-2185,SKU-1009,2026-05-26,11
T-2185,SKU-1009,2026-05-27,25
T-2185,SKU-1009,2026-05-28,14
T-2185,SKU-1009,2026-05-29,8
T-2185,SKU-1009,2026-05-30,61
T-2185,SKU-1009,2026-05-31,30
T-2185,SKU-1009,2026-06-01,12
T-2185,SKU-1009,2026-06-02,18
T-2185,SKU-1009,2026-06-03,14
T-2185,SKU-1009,2026-06-04,5
T-2185,SKU-1009,2026-06-05,31
T-2185,SKU-1009,2026-06-06,15
T-2185,SKU-1009,2026-06-07,12
T-2185,SKU-1009,2026-06-08,7
T-2185,SKU-1009,2026-06-09,15
T-2185,SKU-1009,2026-06-10,15
T-2185,SKU-1009,2026-06-11,4
T-2185,SKU-1009,2026-06-12,16
T-2185,SKU-1009,2026-06-13,39
T-2185,SKU-1009,2026-06-14,24
T-2185,SKU-1009,2026-06-15,14
T-3320,SKU-1009,2026-03-18,32
T-3320,SKU-1009,2026-03-19,24
T-3320,SKU-1009,2026-03-20,46
T-3320,SKU-1009,2026-03-21,112
T-3320,SKU-1009,2026-03-22,40
T-3320,SKU-1009,2026-03-23,40
T-3320,SKU-1009,2026-03-24,10
T-3320,SKU-1009,2026-03-25,27
T-3320,SKU-1009,2026-03-26,23
T-3320,SKU-1009,2026-03-27,32
T-3320,SKU-1009,2026-03-28,49
T-3320,SKU-1009,2026-03-29,67
T-3320,SKU-1009,2026-03-30,45
T-3320,SKU-1009,2026-03-31,40
T-3320,SKU-1009,2026-04-01,13
T-3320,SKU-1009,2026-04-02,9
T-3320,SKU-1009,2026-04-03,107
T-3320,SKU-1009,2026-04-04,169
T-3320,SKU-1009,2026-04-05,35
T-3320,SKU-1009,2026-04-06,33
T-3320,SKU-1009,2026-04-07,32
T-3320,SKU-1009,2026-04-08,39
T-3320,SKU-1009,2026-04-09,38
T-3320,SKU-1009,2026-04-10,53
T-3320,SKU-1009,2026-04-11,51
T-3320,SKU-1009,2026-04-12,41
T-3320,SKU-1009,2026-04-13,16
T-3320,SKU-1009,2026-04-14,13
T-3320,SKU-1009,2026-04-15,43
T-3320,SKU-1009,2026-04-16,31
T-3320,SKU-1009,2026-04-17,74
T-3320,SKU-1009,2026-04-18,122
T-3320,SKU-1009,2026-04-19,12
T-3320,SKU-1009,2026-04-20,38
T-3320,SKU-1009,2026-04-21,29
T-3320,SKU-1009,2026-04-22,47
T-3320,SKU-1009,2026-04-23,29
T-3320,SKU-1009,2026-04-24,48
T-3320,SKU-1009,2026-04-25,136
T-3320,SKU-1009,2026-04-26,57
T-3320,SKU-1009,2026-04-27,29
T-3320,SKU-1009,2026-04-28,34
T-3320,SKU-1009,2026-04-29,15
T-3320,SKU-1009,2026-04-30,31
T-3320,SKU-1009,2026-05-01,85
T-3320,SKU-1009,2026-05-02,35
T-3320,SKU-1009,2026-05-03,18
T-3320,SKU-1009,2026-05-04,11
T-3320,SKU-1009,2026-05-05,10
T-3320,SKU-1009,2026-05-06,13
T-3320,SKU-1009,2026-05-07,11
T-3320,SKU-1009,2026-05-08,111
T-3320,SKU-1009,2026-05-09,18
T-3320,SKU-1009,2026-05-10,11
T-3320,SKU-1009,2026-05-11,22
T-3320,SKU-1009,2026-05-12,13
T-3320,SKU-1009,2026-05-13,20
T-3320,SKU-1009,2026-05-14,23
T-3320,SKU-1009,2026-05-15,70
T-3320,SKU-1009,2026-05-16,86
T-3320,SKU-1009,2026-05-17,30
T-3320,SKU-1009,2026-05-18,33
T-3320,SKU-1009,2026-05-19,18
T-3320,SKU-1009,2026-05-20,9
T-3320,SKU-1009,2026-05-21,20
T-3320,SKU-1009,2026-05-22,68
T-3320,SKU-1009,2026-05-23,53
T-3320,SKU-1009,2026-05-24,42
T-3320,SKU-1009,2026-05-25,11
T-3320,SKU-1009,2026-05-26,9
T-3320,SKU-1009,2026-05-27,0
T-3320,SKU-1009,2026-05-28,0
T-3320,SKU-1009,2026-05-29,24
T-3320,SKU-1009,2026-05-30,56
T-3320,SKU-1009,2026-05-31,45
T-3320,SKU-1009,2026-06-01,34
T-3320,SKU-1009,2026-06-02,19
T-3320,SKU-1009,2026-06-03,26
T-3320,SKU-1009,2026-06-04,26
T-3320,SKU-1009,2026-06-05,63
T-3320,SKU-1009,2026-06-06,119
T-3320,SKU-1009,2026-06-07,61
T-3320,SKU-1009,2026-06-08,40
T-3320,SKU-1009,2026-06-09,20
T-3320,SKU-1009,2026-06-10,4
T-3320,SKU-1009,2026-06-11,28
T-3320,SKU-1009,2026-06-12,5
T-3320,SKU-1009,2026-06-13,110
T-3320,SKU-1009,2026-06-14,27
T-3320,SKU-1009,2026-06-15,25
T-1442,SKU-1010,2026-03-18,4
T-1442,SKU-1010,2026-03-19,6
T-1442,SKU-1010,2026-03-20,6
T-1442,SKU-1010,2026-03-21,8
T-1442,SKU-1010,2026-03-22,6
T-1442,SKU-1010,2026-03-23,3
T-1442,SKU-1010,2026-03-24,4
T-1442,SKU-1010,2026-03-25,4
T-1442,SKU-1010,2026-03-26,6
T-1442,SKU-1010,2026-03-27,7
T-1442,SKU-1010,2026-03-28,8
T-1442,SKU-1010,2026-03-29,5
T-1442,SKU-1010,2026-03-30,5
T-1442,SKU-1010,2026-03-31,4
T-1442,SKU-1010,2026-04-01,4
T-1442,SKU-1010,2026-04-02,4
T-1442,SKU-1010,2026-04-03,7
T-1442,SKU-1010,2026-04-04,8
T-1442,SKU-1010,2026-04-05,8
T-1442,SKU-1010,2026-04-06,3
T-1442,SKU-1010,2026-04-07,4
T-1442,SKU-1010,2026-04-08,9
T-1442,SKU-1010,2026-04-09,5
T-1442,SKU-1010,2026-04-10,7
T-1442,SKU-1010,2026-04-11,9
T-1442,SKU-1010,2026-04-12,6
T-1442,SKU-1010,2026-04-13,7
T-1442,SKU-1010,2026-04-14,5
T-1442,SKU-1010,2026-04-15,6
T-1442,SKU-1010,2026-04-16,8
T-1442,SKU-1010,2026-04-17,6
T-1442,SKU-1010,2026-04-18,8
T-1442,SKU-1010,2026-04-19,7
T-1442,SKU-1010,2026-04-20,4
T-1442,SKU-1010,2026-04-21,6
T-1442,SKU-1010,2026-04-22,6
T-1442,SKU-1010,2026-04-23,7
T-1442,SKU-1010,2026-04-24,9
T-1442,SKU-1010,2026-04-25,11
T-1442,SKU-1010,2026-04-26,9
T-1442,SKU-1010,2026-04-27,6
T-1442,SKU-1010,2026-04-28,7
T-1442,SKU-1010,2026-04-29,5
T-1442,SKU-1010,2026-04-30,9
T-1442,SKU-1010,2026-05-01,8
T-1442,SKU-1010,2026-05-02,11
T-1442,SKU-1010,2026-05-03,12
T-1442,SKU-1010,2026-05-04,4
T-1442,SKU-1010,2026-05-05,6
T-1442,SKU-1010,2026-05-06,6
T-1442,SKU-1010,2026-05-07,9
T-1442,SKU-1010,2026-05-08,8
T-1442,SKU-1010,2026-05-09,16
T-1442,SKU-1010,2026-05-10,7
T-1442,SKU-1010,2026-05-11,7
T-1442,SKU-1010,2026-05-12,6
T-1442,SKU-1010,2026-05-13,7
T-1442,SKU-1010,2026-05-14,7
T-1442,SKU-1010,2026-05-15,8
T-1442,SKU-1010,2026-05-16,8
T-1442,SKU-1010,2026-05-17,10
T-1442,SKU-1010,2026-05-18,5
T-1442,SKU-1010,2026-05-19,5
T-1442,SKU-1010,2026-05-20,7
T-1442,SKU-1010,2026-05-21,8
T-1442,SKU-1010,2026-05-22,11
T-1442,SKU-1010,2026-05-23,9
T-1442,SKU-1010,2026-05-24,11
T-1442,SKU-1010,2026-05-25,8
T-1442,SKU-1010,2026-05-26,7
T-1442,SKU-1010,2026-05-27,6
T-1442,SKU-1010,2026-05-28,8
T-1442,SKU-1010,2026-05-29,12
T-1442,SKU-1010,2026-05-30,12
T-1442,SKU-1010,2026-05-31,12
T-1442,SKU-1010,2026-06-01,7
T-1442,SKU-1010,2026-06-02,10
T-1442,SKU-1010,2026-06-03,8
T-1442,SKU-1010,2026-06-04,9
T-1442,SKU-1010,2026-06-05,8
T-1442,SKU-1010,2026-06-06,10
T-1442,SKU-1010,2026-06-07,12
T-1442,SKU-1010,2026-06-08,8
T-1442,SKU-1010,2026-06-09,8
T-1442,SKU-1010,2026-06-10,7
T-1442,SKU-1010,2026-06-11,9
T-1442,SKU-1010,2026-06-12,10
T-1442,SKU-1010,2026-06-13,14
T-1442,SKU-1010,2026-06-14,11
T-1442,SKU-1010,2026-06-15,11
T-2185,SKU-1010,2026-03-18,2
T-2185,SKU-1010,2026-03-19,3
T-2185,SKU-1010,2026-03-20,4
T-2185,SKU-1010,2026-03-21,5
T-2185,SKU-1010,2026-03-22,6
T-2185,SKU-1010,2026-03-23,4
T-2185,SKU-1010,2026-03-24,3
T-2185,SKU-1010,2026-03-25,3
T-2185,SKU-1010,2026-03-26,4
T-2185,SKU-1010,2026-03-27,4
T-2185,SKU-1010,2026-03-28,8
T-2185,SKU-1010,2026-03-29,5
T-2185,SKU-1010,2026-03-30,4
T-2185,SKU-1010,2026-03-31,5
T-2185,SKU-1010,2026-04-01,5
T-2185,SKU-1010,2026-04-02,5
T-2185,SKU-1010,2026-04-03,6
T-2185,SKU-1010,2026-04-04,8
T-2185,SKU-1010,2026-04-05,5
T-2185,SKU-1010,2026-04-06,5
T-2185,SKU-1010,2026-04-07,4
T-2185,SKU-1010,2026-04-08,5
T-2185,SKU-1010,2026-04-09,5
T-2185,SKU-1010,2026-04-10,5
T-2185,SKU-1010,2026-04-11,6
T-2185,SKU-1010,2026-04-12,6
T-2185,SKU-1010,2026-04-13,4
T-2185,SKU-1010,2026-04-14,3
T-2185,SKU-1010,2026-04-15,3
T-2185,SKU-1010,2026-04-16,3
T-2185,SKU-1010,2026-04-17,7
T-2185,SKU-1010,2026-04-18,7
T-2185,SKU-1010,2026-04-19,6
T-2185,SKU-1010,2026-04-20,5
T-2185,SKU-1010,2026-04-21,4
T-2185,SKU-1010,2026-04-22,4
T-2185,SKU-1010,2026-04-23,4
T-2185,SKU-1010,2026-04-24,4
T-2185,SKU-1010,2026-04-25,9
T-2185,SKU-1010,2026-04-26,6
T-2185,SKU-1010,2026-04-27,5
T-2185,SKU-1010,2026-04-28,5
T-2185,SKU-1010,2026-04-29,3
T-2185,SKU-1010,2026-04-30,6
T-2185,SKU-1010,2026-05-01,7
T-2185,SKU-1010,2026-05-02,8
T-2185,SKU-1010,2026-05-03,7
T-2185,SKU-1010,2026-05-04,4
T-2185,SKU-1010,2026-05-05,5
T-2185,SKU-1010,2026-05-06,3
T-2185,SKU-1010,2026-05-07,8
T-2185,SKU-1010,2026-05-08,10
T-2185,SKU-1010,2026-05-09,9
T-2185,SKU-1010,2026-05-10,8
T-2185,SKU-1010,2026-05-11,7
T-2185,SKU-1010,2026-05-12,5
T-2185,SKU-1010,2026-05-13,4
T-2185,SKU-1010,2026-05-14,6
T-2185,SKU-1010,2026-05-15,7
T-2185,SKU-1010,2026-05-16,8
T-2185,SKU-1010,2026-05-17,6
T-2185,SKU-1010,2026-05-18,6
T-2185,SKU-1010,2026-05-19,5
T-2185,SKU-1010,2026-05-20,5
T-2185,SKU-1010,2026-05-21,8
T-2185,SKU-1010,2026-05-22,9
T-2185,SKU-1010,2026-05-23,8
T-2185,SKU-1010,2026-05-24,7
T-2185,SKU-1010,2026-05-25,7
T-2185,SKU-1010,2026-05-26,5
T-2185,SKU-1010,2026-05-27,6
T-2185,SKU-1010,2026-05-28,7
T-2185,SKU-1010,2026-05-29,9
T-2185,SKU-1010,2026-05-30,11
T-2185,SKU-1010,2026-05-31,7
T-2185,SKU-1010,2026-06-01,5
T-2185,SKU-1010,2026-06-02,6
T-2185,SKU-1010,2026-06-03,4
T-2185,SKU-1010,2026-06-04,8
T-2185,SKU-1010,2026-06-05,6
T-2185,SKU-1010,2026-06-06,9
T-2185,SKU-1010,2026-06-07,10
T-2185,SKU-1010,2026-06-08,4
T-2185,SKU-1010,2026-06-09,6
T-2185,SKU-1010,2026-06-10,6
T-2185,SKU-1010,2026-06-11,7
T-2185,SKU-1010,2026-06-12,12
T-2185,SKU-1010,2026-06-13,8
T-2185,SKU-1010,2026-06-14,8
T-2185,SKU-1010,2026-06-15,7
T-3320,SKU-1010,2026-03-18,9
T-3320,SKU-1010,2026-03-19,6
T-3320,SKU-1010,2026-03-20,8
T-3320,SKU-1010,2026-03-21,9
T-3320,SKU-1010,2026-03-22,9
T-3320,SKU-1010,2026-03-23,5
T-3320,SKU-1010,2026-03-24,5
T-3320,SKU-1010,2026-03-25,7
T-3320,SKU-1010,2026-03-26,7
T-3320,SKU-1010,2026-03-27,5
T-3320,SKU-1010,2026-03-28,10
T-3320,SKU-1010,2026-03-29,9
T-3320,SKU-1010,2026-03-30,7
T-3320,SKU-1010,2026-03-31,7
T-3320,SKU-1010,2026-04-01,7
T-3320,SKU-1010,2026-04-02,8
T-3320,SKU-1010,2026-04-03,10
T-3320,SKU-1010,2026-04-04,9
T-3320,SKU-1010,2026-04-05,8
T-3320,SKU-1010,2026-04-06,6
T-3320,SKU-1010,2026-04-07,5
T-3320,SKU-1010,2026-04-08,8
T-3320,SKU-1010,2026-04-09,10
T-3320,SKU-1010,2026-04-10,11
T-3320,SKU-1010,2026-04-11,11
T-3320,SKU-1010,2026-04-12,9
T-3320,SKU-1010,2026-04-13,7
T-3320,SKU-1010,2026-04-14,9
T-3320,SKU-1010,2026-04-15,8
T-3320,SKU-1010,2026-04-16,11
T-3320,SKU-1010,2026-04-17,9
T-3320,SKU-1010,2026-04-18,12
T-3320,SKU-1010,2026-04-19,9
T-3320,SKU-1010,2026-04-20,6
T-3320,SKU-1010,2026-04-21,7
T-3320,SKU-1010,2026-04-22,8
T-3320,SKU-1010,2026-04-23,8
T-3320,SKU-1010,2026-04-24,8
T-3320,SKU-1010,2026-04-25,14
T-3320,SKU-1010,2026-04-26,11
T-3320,SKU-1010,2026-04-27,10
T-3320,SKU-1010,2026-04-28,9
T-3320,SKU-1010,2026-04-29,7
T-3320,SKU-1010,2026-04-30,10
T-3320,SKU-1010,2026-05-01,10
T-3320,SKU-1010,2026-05-02,18
T-3320,SKU-1010,2026-05-03,12
T-3320,SKU-1010,2026-05-04,8
T-3320,SKU-1010,2026-05-05,8
T-3320,SKU-1010,2026-05-06,7
T-3320,SKU-1010,2026-05-07,13
T-3320,SKU-1010,2026-05-08,17
T-3320,SKU-1010,2026-05-09,10
T-3320,SKU-1010,2026-05-10,13
T-3320,SKU-1010,2026-05-11,9
T-3320,SKU-1010,2026-05-12,8
T-3320,SKU-1010,2026-05-13,12
T-3320,SKU-1010,2026-05-14,13
T-3320,SKU-1010,2026-05-15,13
T-3320,SKU-1010,2026-05-16,22
T-3320,SKU-1010,2026-05-17,14
T-3320,SKU-1010,2026-05-18,10
T-3320,SKU-1010,2026-05-19,10
T-3320,SKU-1010,2026-05-20,9
T-3320,SKU-1010,2026-05-21,14
T-3320,SKU-1010,2026-05-22,15
T-3320,SKU-1010,2026-05-23,16
T-3320,SKU-1010,2026-05-24,14
T-3320,SKU-1010,2026-05-25,9
T-3320,SKU-1010,2026-05-26,11
T-3320,SKU-1010,2026-05-27,8
T-3320,SKU-1010,2026-05-28,12
T-3320,SKU-1010,2026-05-29,13
T-3320,SKU-1010,2026-05-30,19
T-3320,SKU-1010,2026-05-31,18
T-3320,SKU-1010,2026-06-01,13
T-3320,SKU-1010,2026-06-02,10
T-3320,SKU-1010,2026-06-03,10
T-3320,SKU-1010,2026-06-04,12
T-3320,SKU-1010,2026-06-05,15
T-3320,SKU-1010,2026-06-06,20
T-3320,SKU-1010,2026-06-07,14
T-3320,SKU-1010,2026-06-08,10
T-3320,SKU-1010,2026-06-09,11
T-3320,SKU-1010,2026-06-10,15
T-3320,SKU-1010,2026-06-11,18
T-3320,SKU-1010,2026-06-12,18
T-3320,SKU-1010,2026-06-13,16
T-3320,SKU-1010,2026-06-14,21
T-3320,SKU-1010,2026-06-15,10
